split	dataset	condition	stratum	tokenizer	method	tasks	documents	support_count	support_rate	support_ci_lower	support_ci_upper	localization_tasks	localization_count	localization_rate	localization_ci_lower	localization_ci_upper	errors	truncated_tasks	median_runtime_ms	median_candidate_count	p95_candidate_count	max_candidate_count	median_unique_interval_count	max_unique_interval_count
development	bioboat	contiguous	all	boundary_stripped_whitespace	difflib	4057	41	3878	0.9558787281242297	0.9299190711069252	0.9804666035466033	4057	3580	0.8824254375154055	0.8513605483962278	0.9131052368615559	0	0	0.061708	1	1	1	1	1
development	bioboat	contiguous	all	boundary_stripped_whitespace	lcs	4057	41	3878	0.9558787281242297	0.9299190711069252	0.9804666035466033	4057	2949	0.7268917919645058	0.6844453432524545	0.7663708597616974	0	0	0.124041	1	1	1	1	1
development	bioboat	contiguous	all	boundary_stripped_whitespace	semi_global_exact	4057	41	3878	0.9558787281242297	0.9299190711069252	0.9804666035466033	4057	3580	0.8824254375154055	0.8513605483962278	0.9131052368615559	0	0	0.05625	1	1	1	1	1
development	bioboat	contiguous	all	boundary_stripped_whitespace	taln	4057	41	3878	0.9558787281242297	0.9299190711069252	0.9804666035466033	4057	3580	0.8824254375154055	0.8513605483962278	0.9131052368615559	0	0	0.216708	1	12	4224	1	72
development	bioboat	contiguous	all	character_exact	exact	4057	41	4057	1.0	1.0	1.0	4057	4057	1.0	1.0	1.0	0	0	0.223209	1	1	2	1	2
development	bioboat	contiguous	all	cl100k_base	difflib	4057	41	3932	0.9691890559526743	0.9599264862849585	0.977766149541201	4057	3887	0.9580971160956372	0.9451307263041661	0.9696827915040487	0	0	0.116541	2	2	2	2	2
development	bioboat	contiguous	all	cl100k_base	lcs	4057	41	3932	0.9691890559526743	0.9599264862849585	0.977766149541201	4057	3150	0.7764357899926053	0.7289369356982446	0.8167195903739645	0	0	0.376542	2	2	2	2	2
development	bioboat	contiguous	all	cl100k_base	semi_global_exact	4057	41	3932	0.9691890559526743	0.9599264862849585	0.977766149541201	4057	3887	0.9580971160956372	0.9451307263041661	0.9696827915040487	0	0	0.078541	1	1	2	1	2
development	bioboat	contiguous	all	cl100k_base	taln	4057	41	3932	0.9691890559526743	0.9599264862849585	0.977766149541201	4057	3887	0.9580971160956372	0.9451307263041661	0.9696827915040487	0	2	0.524542	2	54	100000	2	132
development	bioboat	contiguous	all	pubmedbert	difflib	4057	41	4045	0.9970421493714567	0.9952745168184115	0.9986544264213024	4057	4045	0.9970421493714567	0.9952745168184115	0.9986544264213024	0	0	0.077334	1	1	1	1	1
development	bioboat	contiguous	all	pubmedbert	lcs	4057	41	4045	0.9970421493714567	0.9952745168184115	0.9986544264213024	4057	3219	0.7934434311067291	0.7460329163916523	0.833187447295109	0	0	0.192917	1	1	1	1	1
development	bioboat	contiguous	all	pubmedbert	semi_global_exact	4057	41	4045	0.9970421493714567	0.9952745168184115	0.9986544264213024	4057	4045	0.9970421493714567	0.9952745168184115	0.9986544264213024	0	0	0.072875	1	1	1	1	1
development	bioboat	contiguous	all	pubmedbert	taln	4057	41	4045	0.9970421493714567	0.9952745168184115	0.9986544264213024	4057	4045	0.9970421493714567	0.9952745168184115	0.9986544264213024	0	1	0.332125	1	24	42140	1	72
development	bioboat	contiguous	all	punctuation	difflib	4057	41	3935	0.9699285186098102	0.9461618418894537	0.9916048314759742	4057	3932	0.9691890559526743	0.9455160467103124	0.990830775475706	0	0	0.073666	1	1	1	1	1
development	bioboat	contiguous	all	punctuation	lcs	4057	41	3935	0.9699285186098102	0.9461618418894537	0.9916048314759742	4057	3125	0.7702736011831403	0.732121837414766	0.8054796228606566	0	0	0.165792	1	1	1	1	1
development	bioboat	contiguous	all	punctuation	semi_global_exact	4057	41	3935	0.9699285186098102	0.9461618418894537	0.9916048314759742	4057	3932	0.9691890559526743	0.9455160467103124	0.990830775475706	0	0	0.068167	1	1	1	1	1
development	bioboat	contiguous	all	punctuation	taln	4057	41	3935	0.9699285186098102	0.9461618418894537	0.9916048314759742	4057	3932	0.9691890559526743	0.9455160467103124	0.990830775475706	0	0	0.224791	1	19	28706	1	72
development	bioboat	contiguous	all	scibert	difflib	4057	41	4048	0.9977816120285925	0.9961703490221655	0.999104744852283	4057	4048	0.9977816120285925	0.9961703490221655	0.999104744852283	0	0	0.078291	1	1	1	1	1
development	bioboat	contiguous	all	scibert	lcs	4057	41	4048	0.9977816120285925	0.9961703490221655	0.999104744852283	4057	3210	0.7912250431353217	0.7423876151990039	0.8316895243506364	0	0	0.197917	1	1	1	1	1
development	bioboat	contiguous	all	scibert	semi_global_exact	4057	41	4048	0.9977816120285925	0.9961703490221655	0.999104744852283	4057	4048	0.9977816120285925	0.9961703490221655	0.999104744852283	0	0	0.074209	1	1	1	1	1
development	bioboat	contiguous	all	scibert	taln	4057	41	4048	0.9977816120285925	0.9961703490221655	0.999104744852283	4057	4048	0.9977816120285925	0.9961703490221655	0.999104744852283	0	1	0.348708	1	29	42140	1	72
development	bioboat	contiguous	all	whitespace	difflib	4057	41	1753	0.43209267931969436	0.3938540003302265	0.47201271980223247	4057	1453	0.3581464136061129	0.32061233329833033	0.3961793954963308	0	0	0.064959	1	1	1	1	1
development	bioboat	contiguous	all	whitespace	lcs	4057	41	1753	0.43209267931969436	0.3938540003302265	0.47201271980223247	4057	1240	0.30564456494947007	0.27042725618014496	0.33993935260823904	0	0	0.127542	1	1	1	1	1
development	bioboat	contiguous	all	whitespace	semi_global_exact	4057	41	1753	0.43209267931969436	0.3938540003302265	0.47201271980223247	4057	1453	0.3581464136061129	0.32061233329833033	0.3961793954963308	0	0	0.045041	0	1	1	0	1
development	bioboat	contiguous	all	whitespace	taln	4057	41	1753	0.43209267931969436	0.3938540003302265	0.47201271980223247	4057	1453	0.3581464136061129	0.32061233329833033	0.3961793954963308	0	0	0.084208	1	11	4212	1	63
development	bioboat	one_gap	all	boundary_stripped_whitespace	difflib	4057	41	3874	0.9548927779147153	0.9289243950343182	0.9795312972041417	4057	3571	0.880207049543998	0.8487953944445001	0.9110239288271705	0	0	0.065542	1	1	1	1	1
development	bioboat	one_gap	all	boundary_stripped_whitespace	lcs	4057	41	3878	0.9558787281242297	0.9299190711069252	0.9804666035466033	4057	2949	0.7268917919645058	0.6844453432524545	0.7663708597616974	0	0	0.116292	1	1	1	1	1
development	bioboat	one_gap	all	boundary_stripped_whitespace	semi_global_exact	4057	41	3878	0.9558787281242297	0.9299190711069252	0.9804666035466033	4057	3580	0.8824254375154055	0.8513605483962278	0.9131052368615559	0	0	0.053791	1	1	1	1	1
development	bioboat	one_gap	all	boundary_stripped_whitespace	taln	4057	41	3878	0.9558787281242297	0.9299190711069252	0.9804666035466033	4057	3580	0.8824254375154055	0.8513605483962278	0.9131052368615559	0	0	0.142916	1	12	4224	1	72
development	bioboat	one_gap	all	character_exact	exact	4057	41	0	0.0	0.0	0.0	4057	0	0.0	0.0	0.0	0	0	0.111375	0	0	0	0	0
development	bioboat	one_gap	all	cl100k_base	difflib	4057	41	3928	0.9682031057431599	0.959071141019569	0.9766205434433555	4057	3878	0.9558787281242297	0.9429201966841672	0.9674330151749091	0	0	0.126917	2	2	2	2	2
development	bioboat	one_gap	all	cl100k_base	lcs	4057	41	3932	0.9691890559526743	0.9599264862849585	0.977766149541201	4057	3150	0.7764357899926053	0.7289369356982446	0.8167195903739645	0	0	0.353167	2	2	2	2	2
development	bioboat	one_gap	all	cl100k_base	semi_global_exact	4057	41	3932	0.9691890559526743	0.9599264862849585	0.977766149541201	4057	3887	0.9580971160956372	0.9451307263041661	0.9696827915040487	0	0	0.075291	1	1	2	1	2
development	bioboat	one_gap	all	cl100k_base	taln	4057	41	3932	0.9691890559526743	0.9599264862849585	0.977766149541201	4057	3887	0.9580971160956372	0.9451307263041661	0.9696827915040487	0	2	0.361	2	56	100000	2	132
development	bioboat	one_gap	all	pubmedbert	difflib	4057	41	4041	0.9960561991619423	0.9938665593216884	0.9979809979227674	4057	4036	0.9948237614000492	0.9921175163841252	0.997243159551772	0	0	0.082041	1	1	1	1	1
development	bioboat	one_gap	all	pubmedbert	lcs	4057	41	4045	0.9970421493714567	0.9952745168184115	0.9986544264213024	4057	3219	0.7934434311067291	0.7460329163916523	0.833187447295109	0	0	0.180083	1	1	1	1	1
development	bioboat	one_gap	all	pubmedbert	semi_global_exact	4057	41	4045	0.9970421493714567	0.9952745168184115	0.9986544264213024	4057	4045	0.9970421493714567	0.9952745168184115	0.9986544264213024	0	0	0.070125	1	1	1	1	1
development	bioboat	one_gap	all	pubmedbert	taln	4057	41	4045	0.9970421493714567	0.9952745168184115	0.9986544264213024	4057	4045	0.9970421493714567	0.9952745168184115	0.9986544264213024	0	1	0.215334	1	24	42140	1	72
development	bioboat	one_gap	all	punctuation	difflib	4057	41	3932	0.9691890559526743	0.9455762613265343	0.9909447071061394	4057	3924	0.9672171555336455	0.9436737833282954	0.9888107020688022	0	0	0.07775	1	1	1	1	1
development	bioboat	one_gap	all	punctuation	lcs	4057	41	3935	0.9699285186098102	0.9461618418894537	0.9916048314759742	4057	3125	0.7702736011831403	0.732121837414766	0.8054796228606566	0	0	0.154667	1	1	1	1	1
development	bioboat	one_gap	all	punctuation	semi_global_exact	4057	41	3935	0.9699285186098102	0.9461618418894537	0.9916048314759742	4057	3932	0.9691890559526743	0.9455160467103124	0.990830775475706	0	0	0.064834	1	1	1	1	1
development	bioboat	one_gap	all	punctuation	taln	4057	41	3935	0.9699285186098102	0.9461618418894537	0.9916048314759742	4057	3932	0.9691890559526743	0.9455160467103124	0.990830775475706	0	0	0.150042	1	19	28706	1	72
development	bioboat	one_gap	all	scibert	difflib	4057	41	4042	0.9963026867143209	0.993978978742194	0.9982047826839779	4057	4037	0.9950702489524279	0.9921833874914746	0.9973936104125002	0	0	0.083167	1	1	1	1	1
development	bioboat	one_gap	all	scibert	lcs	4057	41	4048	0.9977816120285925	0.9961703490221655	0.999104744852283	4057	3210	0.7912250431353217	0.7423876151990039	0.8316895243506364	0	0	0.18525	1	1	1	1	1
development	bioboat	one_gap	all	scibert	semi_global_exact	4057	41	4048	0.9977816120285925	0.9961703490221655	0.999104744852283	4057	4048	0.9977816120285925	0.9961703490221655	0.999104744852283	0	0	0.071	1	1	1	1	1
development	bioboat	one_gap	all	scibert	taln	4057	41	4048	0.9977816120285925	0.9961703490221655	0.999104744852283	4057	4048	0.9977816120285925	0.9961703490221655	0.999104744852283	0	1	0.224875	1	29	42140	1	72
development	bioboat	one_gap	all	whitespace	difflib	4057	41	1753	0.43209267931969436	0.3938540003302265	0.47201271980223247	4057	1450	0.35740695094897706	0.3196235487030868	0.39552451239968517	0	0	0.068875	1	1	1	1	1
development	bioboat	one_gap	all	whitespace	lcs	4057	41	1753	0.43209267931969436	0.3938540003302265	0.47201271980223247	4057	1240	0.30564456494947007	0.27042725618014496	0.33993935260823904	0	0	0.11975	1	1	1	1	1
development	bioboat	one_gap	all	whitespace	semi_global_exact	4057	41	1753	0.43209267931969436	0.3938540003302265	0.47201271980223247	4057	1453	0.3581464136061129	0.32061233329833033	0.3961793954963308	0	0	0.042958	0	1	1	0	1
development	bioboat	one_gap	all	whitespace	taln	4057	41	1753	0.43209267931969436	0.3938540003302265	0.47201271980223247	4057	1453	0.3581464136061129	0.32061233329833033	0.3961793954963308	0	0	0.083541	1	11	4212	1	63
development	boat	contiguous	all	boundary_stripped_whitespace	difflib	30767	440	30498	0.991256866122794	0.9897843927154513	0.9926091420026893	30767	27888	0.9064257158644001	0.8950178563931195	0.9174303053158911	0	0	0.040333	1	1	1	1	1
development	boat	contiguous	all	boundary_stripped_whitespace	lcs	30767	440	30499	0.9912893684792148	0.989819688411968	0.9926466063946568	30767	22486	0.7308479864790197	0.7199023424973677	0.7417315177205586	0	0	0.078208	1	1	1	1	1
development	boat	contiguous	all	boundary_stripped_whitespace	semi_global_exact	30767	440	30499	0.9912893684792148	0.989819688411968	0.9926466063946568	30767	27888	0.9064257158644001	0.8950178563931195	0.9174303053158911	0	0	0.033167	1	1	1	1	1
development	boat	contiguous	all	boundary_stripped_whitespace	taln	30767	440	30499	0.9912893684792148	0.989819688411968	0.9926466063946568	30767	27894	0.9066207300029252	0.8952289715093915	0.9176313001644868	0	0	0.169333	1	12	18734	1	108
development	boat	contiguous	all	character_exact	exact	30767	440	30767	1.0	1.0	1.0	30767	30767	1.0	1.0	1.0	0	0	0.160666	1	1	6	1	6
development	boat	contiguous	all	cl100k_base	difflib	30767	440	30324	0.9856014561055677	0.98390920192302	0.9872790084365025	30767	30165	0.980433581434654	0.9783023495725943	0.9825109706036285	0	0	0.083708	2	2	2	2	2
development	boat	contiguous	all	cl100k_base	lcs	30767	440	30325	0.9856339584619885	0.9839383912679177	0.9873185323932322	30767	23189	0.7536971430428706	0.7450443027755502	0.7621174786134902	0	0	0.220084	2	2	2	2	2
development	boat	contiguous	all	cl100k_base	semi_global_exact	30767	440	30325	0.9856339584619885	0.9839383912679177	0.9873185323932322	30767	30165	0.980433581434654	0.9783023495725943	0.9825109706036285	0	0	0.052583	1	2	2	1	2
development	boat	contiguous	all	cl100k_base	taln	30767	440	30325	0.9856339584619885	0.9839383912679177	0.9873185323932322	30767	30165	0.980433581434654	0.9783023495725943	0.9825109706036285	0	0	0.368875	3	32	28338	3	162
development	boat	contiguous	all	pubmedbert	difflib	30767	440	30735	0.9989599245945331	0.9985281993825315	0.9993476640664967	30767	30734	0.9989274222381123	0.9984780148618723	0.9993339558202963	0	0	0.051667	1	1	1	1	1
development	boat	contiguous	all	pubmedbert	lcs	30767	440	30735	0.9989599245945331	0.9985281993825315	0.9993476640664967	30767	22516	0.731823057171645	0.7228820782441092	0.7405721125996287	0	0	0.129917	1	1	1	1	1
development	boat	contiguous	all	pubmedbert	semi_global_exact	30767	440	30735	0.9989599245945331	0.9985281993825315	0.9993476640664967	30767	30734	0.9989274222381123	0.9984780148618723	0.9993339558202963	0	0	0.04525	1	1	1	1	1
development	boat	contiguous	all	pubmedbert	taln	30767	440	30735	0.9989599245945331	0.9985281993825315	0.9993476640664967	30767	30734	0.9989274222381123	0.9984780148618723	0.9993339558202963	0	1	0.246541	1	24	100000	1	180
development	boat	contiguous	all	punctuation	difflib	30767	440	30730	0.998797412812429	0.9983314757093013	0.9992267393521238	30767	30729	0.998764910456008	0.9982675024352379	0.9992169468843198	0	0	0.045667	1	1	1	1	1
development	boat	contiguous	all	punctuation	lcs	30767	440	30730	0.998797412812429	0.9983314757093013	0.9992267393521238	30767	23640	0.7683557057886696	0.7594226736035243	0.7772291187285049	0	0	0.095917	1	1	1	1	1
development	boat	contiguous	all	punctuation	semi_global_exact	30767	440	30730	0.998797412812429	0.9983314757093013	0.9992267393521238	30767	30729	0.998764910456008	0.9982675024352379	0.9992169468843198	0	0	0.03775	1	1	1	1	1
development	boat	contiguous	all	punctuation	taln	30767	440	30730	0.998797412812429	0.9983314757093013	0.9992267393521238	30767	30729	0.998764910456008	0.9982675024352379	0.9992169468843198	0	0	0.170875	1	15	40586	1	180
development	boat	contiguous	all	scibert	difflib	30767	440	30734	0.9989274222381123	0.9984957090950982	0.9993200529418812	30767	30733	0.9988949198816914	0.9984395617333159	0.9993025846204213	0	0	0.051291	1	1	1	1	1
development	boat	contiguous	all	scibert	lcs	30767	440	30734	0.9989274222381123	0.9984957090950982	0.9993200529418812	30767	22623	0.7353008093086749	0.7263801459446142	0.7440680387119495	0	0	0.126917	1	1	1	1	1
development	boat	contiguous	all	scibert	semi_global_exact	30767	440	30734	0.9989274222381123	0.9984957090950982	0.9993200529418812	30767	30733	0.9988949198816914	0.9984395617333159	0.9993025846204213	0	0	0.044792	1	1	1	1	1
development	boat	contiguous	all	scibert	taln	30767	440	30734	0.9989274222381123	0.9984957090950982	0.9993200529418812	30767	30733	0.9988949198816914	0.9984395617333159	0.9993025846204213	0	1	0.257709	1	22	100000	1	180
development	boat	contiguous	all	whitespace	difflib	30767	440	15746	0.5117821042025547	0.5018161590266875	0.5214575504841273	30767	13687	0.44485975233204406	0.43430695320922025	0.454971204712493	0	0	0.044125	1	1	1	1	1
development	boat	contiguous	all	whitespace	lcs	30767	440	15780	0.5128871843208632	0.5029400529668884	0.5225260145976514	30767	11688	0.3798875418467839	0.3700821188410789	0.3895071929400698	0	0	0.079958	1	1	1	1	1
development	boat	contiguous	all	whitespace	semi_global_exact	30767	440	15780	0.5128871843208632	0.5029400529668884	0.5225260145976514	30767	13687	0.44485975233204406	0.43430695320922025	0.454971204712493	0	0	0.028833	1	1	1	1	1
development	boat	contiguous	all	whitespace	taln	30767	440	15780	0.5128871843208632	0.5029400529668884	0.5225260145976514	30767	13687	0.44485975233204406	0.43430695320922025	0.454971204712493	0	0	0.053625	1	12	2574	1	120
development	boat	one_gap	all	boundary_stripped_whitespace	difflib	30600	440	29065	0.9498366013071895	0.9464739834715146	0.9531308904702974	30600	24248	0.7924183006535948	0.7827426494381016	0.801793832455159	0	0	0.044458	1.0	1	1	1.0	1
development	boat	one_gap	all	boundary_stripped_whitespace	lcs	30600	440	30334	0.9913071895424836	0.9898330706875912	0.9926733891102453	30600	22446	0.7335294117647059	0.7223925564414787	0.744503849510784	0	0	0.068375	1.0	1	1	1.0	1
development	boat	one_gap	all	boundary_stripped_whitespace	semi_global_exact	30600	440	30334	0.9913071895424836	0.9898330706875912	0.9926733891102453	30600	27580	0.9013071895424837	0.8898579487977947	0.9122902427781122	0	0	0.030417	1.0	1	1	1.0	1
development	boat	one_gap	all	boundary_stripped_whitespace	taln	30600	440	30334	0.9913071895424836	0.9898330706875912	0.9926733891102453	30600	27729	0.9061764705882352	0.8947643649879607	0.9172143296060199	0	0	0.072958	1.0	10	18734	1.0	165
development	boat	one_gap	all	character_exact	exact	30600	440	0	0.0	0.0	0.0	30600	0	0.0	0.0	0.0	0	0	0.046417	0.0	0	0	0.0	0
development	boat	one_gap	all	cl100k_base	difflib	30600	440	29132	0.9520261437908497	0.9490549818818623	0.9548565464456614	30600	26730	0.8735294117647059	0.8668792662308895	0.88013609668133	0	0	0.092667	2.0	2	2	2.0	2
development	boat	one_gap	all	cl100k_base	lcs	30600	440	30160	0.9856209150326798	0.9839306376627802	0.987299262942302	30600	23150	0.7565359477124183	0.7478988665710878	0.764970395046226	0	0	0.191334	2.0	2	2	2.0	2
development	boat	one_gap	all	cl100k_base	semi_global_exact	30600	440	30160	0.9856209150326798	0.9839306376627802	0.987299262942302	30600	29858	0.9757516339869281	0.97354059252551	0.9779371275154229	0	0	0.049583	1.0	2	2	1.0	2
development	boat	one_gap	all	cl100k_base	taln	30600	440	30160	0.9856209150326798	0.9839306376627802	0.987299262942302	30600	29999	0.980359477124183	0.978232408028729	0.9824295017154011	0	0	0.17975	3.0	27	38166	3.0	384
development	boat	one_gap	all	pubmedbert	difflib	30600	440	29419	0.9614052287581699	0.9587466840096628	0.9640607933828907	30600	27008	0.8826143790849673	0.8755578612091811	0.8896911534244255	0	0	0.057416	1.0	1	1	1.0	1
development	boat	one_gap	all	pubmedbert	lcs	30600	440	30569	0.9989869281045751	0.9985730474954039	0.9993677873213138	30600	22481	0.7346732026143791	0.7257079363757238	0.7434463136010996	0	0	0.111208	1.0	1	1	1.0	1
development	boat	one_gap	all	pubmedbert	semi_global_exact	30600	440	30569	0.9989869281045751	0.9985730474954039	0.9993677873213138	30600	30404	0.99359477124183	0.9925599475702683	0.9945868589009823	0	0	0.0415415	1.0	1	1	1.0	1
development	boat	one_gap	all	pubmedbert	taln	30600	440	30569	0.9989869281045751	0.9985730474954039	0.9993677873213138	30600	30568	0.9989542483660131	0.998512456358901	0.999349438445907	0	1	0.120459	1.0	20	100000	1.0	180
development	boat	one_gap	all	punctuation	difflib	30600	440	29393	0.9605555555555556	0.957721534259751	0.9633142159393469	30600	27025	0.8831699346405228	0.8761535332193351	0.8902101711447526	0	0	0.050541	1.0	1	1	1.0	1
development	boat	one_gap	all	punctuation	lcs	30600	440	30564	0.9988235294117647	0.9983655920297136	0.9992438302235722	30600	23601	0.7712745098039215	0.7624147173431828	0.7801775181276265	0	0	0.083167	1.0	1	1	1.0	1
development	boat	one_gap	all	punctuation	semi_global_exact	30600	440	30564	0.9988235294117647	0.9983655920297136	0.9992438302235722	30600	30420	0.9941176470588236	0.9931423580226015	0.9950703781476045	0	0	0.034209	1.0	1	1	1.0	1
development	boat	one_gap	all	punctuation	taln	30600	440	30564	0.9988235294117647	0.9983655920297136	0.9992438302235722	30600	30563	0.9987908496732026	0.9983004152171474	0.9992341722648154	0	0	0.073667	1.0	13	36772	1.0	180
development	boat	one_gap	all	scibert	difflib	30600	440	29434	0.9618954248366013	0.959171300867284	0.9645560631958112	30600	27026	0.883202614379085	0.8761585875361116	0.8902585054653405	0	0	0.057	1.0	1	1	1.0	1
development	boat	one_gap	all	scibert	lcs	30600	440	30568	0.9989542483660131	0.9985364780673794	0.9993392096471405	30600	22586	0.7381045751633987	0.7291947769666631	0.7470254393058074	0	0	0.108667	1.0	1	1	1.0	1
development	boat	one_gap	all	scibert	semi_global_exact	30600	440	30568	0.9989542483660131	0.9985364780673794	0.9993392096471405	30600	30407	0.9936928104575163	0.9926814816634214	0.9946548458399346	0	0	0.041208	1.0	1	1	1.0	1
development	boat	one_gap	all	scibert	taln	30600	440	30568	0.9989542483660131	0.9985364780673794	0.9993392096471405	30600	30567	0.998921568627451	0.9984783065697116	0.9993224122947085	0	1	0.125125	1.0	18	100000	1.0	180
development	boat	one_gap	all	whitespace	difflib	30600	440	15148	0.4950326797385621	0.48525917059285206	0.50446651827322	30600	12108	0.3956862745098039	0.38527528523431437	0.4054427473335342	0	0	0.046625	1.0	1	1	1.0	1
development	boat	one_gap	all	whitespace	lcs	30600	440	15706	0.5132679738562091	0.5031235318367374	0.5229366606340788	30600	11655	0.38088235294117645	0.37096823872292506	0.3906082771768975	0	0	0.071541	1.0	1	1	1.0	1
development	boat	one_gap	all	whitespace	semi_global_exact	30600	440	15706	0.5132679738562091	0.5031235318367374	0.5229366606340788	30600	13559	0.4431045751633987	0.43258422803048063	0.453239321958247	0	0	0.026834	1.0	1	1	1.0	1
development	boat	one_gap	all	whitespace	taln	30600	440	15706	0.5132679738562091	0.5031235318367374	0.5229366606340788	30600	13591	0.44415032679738564	0.4336148839213934	0.4543236330377481	0	0	0.052084	1.0	10	2574	1.0	110
development	boat	one_gap_still_contiguous_control	all	boundary_stripped_whitespace	difflib	167	119	163	0.9760479041916168	0.9508196721311475	0.9943820224719101	167	4	0.023952095808383235	0.005649717514124294	0.04938271604938271	0	0	0.034458	1	1	1	1	1
development	boat	one_gap_still_contiguous_control	all	boundary_stripped_whitespace	lcs	167	119	166	0.9940119760479041	0.9808917197452229	1.0	167	39	0.23353293413173654	0.16770186335403728	0.30246913580246915	0	0	0.056375	1	1	1	1	1
development	boat	one_gap_still_contiguous_control	all	boundary_stripped_whitespace	semi_global_exact	167	119	166	0.9940119760479041	0.9808917197452229	1.0	167	17	0.10179640718562874	0.05813953488372093	0.15255046961027735	0	0	0.026875	1	1	1	1	1
development	boat	one_gap_still_contiguous_control	all	boundary_stripped_whitespace	taln	167	119	166	0.9940119760479041	0.9808917197452229	1.0	167	165	0.9880239520958084	0.9693251533742331	1.0	0	0	0.091417	8	46	106	8	91
development	boat	one_gap_still_contiguous_control	all	character_exact	exact	167	119	167	1.0	1.0	1.0	167	0	0.0	0.0	0.0	0	0	0.05375	1	2	4	1	4
development	boat	one_gap_still_contiguous_control	all	cl100k_base	difflib	167	119	163	0.9760479041916168	0.9508196721311475	0.9943820224719101	167	19	0.11377245508982035	0.06578947368421052	0.16668994413407787	0	0	0.072583	2	2	2	2	2
development	boat	one_gap_still_contiguous_control	all	cl100k_base	lcs	167	119	166	0.9940119760479041	0.9808917197452229	1.0	167	38	0.2275449101796407	0.16265060240963855	0.2958579881656805	0	0	0.145167	2	2	2	2	2
development	boat	one_gap_still_contiguous_control	all	cl100k_base	semi_global_exact	167	119	166	0.9940119760479041	0.9808917197452229	1.0	167	35	0.20958083832335328	0.14705882352941177	0.275	0	0	0.045583	1	2	2	1	2
development	boat	one_gap_still_contiguous_control	all	cl100k_base	taln	167	119	166	0.9940119760479041	0.9808917197452229	1.0	167	166	0.9940119760479041	0.9808917197452229	1.0	0	0	0.194167	14	70	136	12	98
development	boat	one_gap_still_contiguous_control	all	pubmedbert	difflib	167	119	163	0.9760479041916168	0.9508196721311475	0.9943820224719101	167	3	0.017964071856287425	0.0	0.04081931018021239	0	0	0.042208	1	1	1	1	1
development	boat	one_gap_still_contiguous_control	all	pubmedbert	lcs	167	119	166	0.9940119760479041	0.9808917197452229	1.0	167	34	0.20359281437125748	0.14201183431952663	0.27011882572227397	0	0	0.081459	1	1	1	1	1
development	boat	one_gap_still_contiguous_control	all	pubmedbert	semi_global_exact	167	119	166	0.9940119760479041	0.9808917197452229	1.0	167	13	0.07784431137724551	0.04046242774566474	0.12210521380345069	0	0	0.035708	1	1	1	1	1
development	boat	one_gap_still_contiguous_control	all	pubmedbert	taln	167	119	166	0.9940119760479041	0.9808917197452229	1.0	167	166	0.9940119760479041	0.9808917197452229	1.0	0	0	0.143583	12	91	166	8	91
development	boat	one_gap_still_contiguous_control	all	punctuation	difflib	167	119	163	0.9760479041916168	0.9508196721311475	0.9943820224719101	167	3	0.017964071856287425	0.0	0.04081931018021239	0	0	0.03775	1	1	1	1	1
development	boat	one_gap_still_contiguous_control	all	punctuation	lcs	167	119	166	0.9940119760479041	0.9808917197452229	1.0	167	38	0.2275449101796407	0.16265060240963855	0.2958579881656805	0	0	0.065625	1	1	1	1	1
development	boat	one_gap_still_contiguous_control	all	punctuation	semi_global_exact	167	119	166	0.9940119760479041	0.9808917197452229	1.0	167	15	0.08982035928143713	0.049079754601226995	0.1375	0	0	0.0295	1	1	1	1	1
development	boat	one_gap_still_contiguous_control	all	punctuation	taln	167	119	166	0.9940119760479041	0.9808917197452229	1.0	167	166	0.9940119760479041	0.9808917197452229	1.0	0	0	0.095709	9	49	106	8	91
development	boat	one_gap_still_contiguous_control	all	scibert	difflib	167	119	163	0.9760479041916168	0.9508196721311475	0.9943820224719101	167	3	0.017964071856287425	0.0	0.04081931018021239	0	0	0.042333	1	1	1	1	1
development	boat	one_gap_still_contiguous_control	all	scibert	lcs	167	119	166	0.9940119760479041	0.9808917197452229	1.0	167	36	0.2155688622754491	0.15294117647058825	0.2830188679245283	0	0	0.081	1	1	1	1	1
development	boat	one_gap_still_contiguous_control	all	scibert	semi_global_exact	167	119	166	0.9940119760479041	0.9808917197452229	1.0	167	15	0.08982035928143713	0.049079754601226995	0.1375	0	0	0.035333	1	1	1	1	1
development	boat	one_gap_still_contiguous_control	all	scibert	taln	167	119	166	0.9940119760479041	0.9808917197452229	1.0	167	166	0.9940119760479041	0.9808917197452229	1.0	0	0	0.146375	11	85	121	8	91
development	boat	one_gap_still_contiguous_control	all	whitespace	difflib	167	119	144	0.8622754491017964	0.803680981595092	0.9146341463414634	167	9	0.05389221556886228	0.023529411764705882	0.09090909090909091	0	0	0.037084	1	1	1	1	1
development	boat	one_gap_still_contiguous_control	all	whitespace	lcs	167	119	147	0.8802395209580839	0.8246753246753247	0.9290417457305502	167	33	0.19760479041916168	0.14201092117758785	0.25806451612903225	0	0	0.059292	1	1	1	1	1
development	boat	one_gap_still_contiguous_control	all	whitespace	semi_global_exact	167	119	147	0.8802395209580839	0.8246753246753247	0.9290417457305502	167	31	0.18562874251497005	0.1292089525190287	0.2484472049689441	0	0	0.027	1	1	1	1	1
development	boat	one_gap_still_contiguous_control	all	whitespace	taln	167	119	147	0.8802395209580839	0.8246753246753247	0.9290417457305502	167	96	0.5748502994011976	0.4972965588539359	0.6531830443159922	0	0	0.065792	6	28	81	5	59
development	llmarkers	positive_label	all	boundary_stripped_whitespace	difflib	550	5	494	0.8981818181818182	0.8486238532110092	0.9329268292682927	0	0				0	0	0.02025	1.0	1	1	1.0	1
development	llmarkers	positive_label	all	boundary_stripped_whitespace	lcs	550	5	494	0.8981818181818182	0.8486238532110092	0.9329268292682927	0	0				0	0	0.023208	1.0	1	1	1.0	1
development	llmarkers	positive_label	all	boundary_stripped_whitespace	semi_global_exact	550	5	494	0.8981818181818182	0.8486238532110092	0.9329268292682927	0	0				0	0	0.015458	1.0	1	1	1.0	1
development	llmarkers	positive_label	all	boundary_stripped_whitespace	taln	550	5	494	0.8981818181818182	0.8486238532110092	0.9329268292682927	0	0				0	0	0.0391455	1.0	2	4	1.0	4
development	llmarkers	positive_label	all	character_exact	exact	550	5	504	0.9163636363636364	0.8733624454148472	0.9509536784741145	0	0				0	0	0.039791	1.0	2	3	1.0	3
development	llmarkers	positive_label	all	cl100k_base	difflib	550	5	510	0.9272727272727272	0.8803191489361702	0.9557142857142857	0	0				0	0	0.048979	2.0	2	2	2.0	2
development	llmarkers	positive_label	all	cl100k_base	lcs	550	5	510	0.9272727272727272	0.8803191489361702	0.9557142857142857	0	0				0	0	0.083666	2.0	2	2	2.0	2
development	llmarkers	positive_label	all	cl100k_base	semi_global_exact	550	5	510	0.9272727272727272	0.8803191489361702	0.9557142857142857	0	0				0	0	0.0286455	1.0	2	2	1.0	2
development	llmarkers	positive_label	all	cl100k_base	taln	550	5	510	0.9272727272727272	0.8803191489361702	0.9557142857142857	0	0				0	0	0.097292	2.0	23	110	2.0	50
development	llmarkers	positive_label	all	pubmedbert	difflib	550	5	506	0.92	0.8775	0.9518072289156626	0	0				0	0	0.025104500000000002	1.0	1	1	1.0	1
development	llmarkers	positive_label	all	pubmedbert	lcs	550	5	509	0.9254545454545454	0.8803191489361702	0.9532710280373832	0	0				0	0	0.0358335	1.0	1	1	1.0	1
development	llmarkers	positive_label	all	pubmedbert	semi_global_exact	550	5	509	0.9254545454545454	0.8803191489361702	0.9532710280373832	0	0				0	0	0.0203125	1.0	1	1	1.0	1
development	llmarkers	positive_label	all	pubmedbert	taln	550	5	509	0.9254545454545454	0.8803191489361702	0.9532710280373832	0	0				0	0	0.073458	1.0	5	19	1.0	6
development	llmarkers	positive_label	all	punctuation	difflib	550	5	498	0.9054545454545454	0.8624454148471615	0.9447674418604651	0	0				0	0	0.021958	1.0	1	1	1.0	1
development	llmarkers	positive_label	all	punctuation	lcs	550	5	504	0.9163636363636364	0.87	0.9494949494949495	0	0				0	0	0.0280835	1.0	1	1	1.0	1
development	llmarkers	positive_label	all	punctuation	semi_global_exact	550	5	504	0.9163636363636364	0.87	0.9494949494949495	0	0				0	0	0.016604	1.0	1	1	1.0	1
development	llmarkers	positive_label	all	punctuation	taln	550	5	504	0.9163636363636364	0.87	0.9494949494949495	0	0				0	0	0.0364795	1.0	3	19	1.0	5
development	llmarkers	positive_label	all	scibert	difflib	550	5	506	0.92	0.8775	0.9518072289156626	0	0				0	0	0.027	1.0	1	1	1.0	1
development	llmarkers	positive_label	all	scibert	lcs	550	5	509	0.9254545454545454	0.8803191489361702	0.9532710280373832	0	0				0	0	0.041229	1.0	1	1	1.0	1
development	llmarkers	positive_label	all	scibert	semi_global_exact	550	5	509	0.9254545454545454	0.8803191489361702	0.9532710280373832	0	0				0	0	0.0218125	1.0	1	1	1.0	1
development	llmarkers	positive_label	all	scibert	taln	550	5	509	0.9254545454545454	0.8803191489361702	0.9532710280373832	0	0				0	0	0.0719165	1.0	10	101	1.0	19
development	llmarkers	positive_label	all	whitespace	difflib	550	5	279	0.5072727272727273	0.4563106796116505	0.5789473684210527	0	0				0	0	0.0189585	1.0	1	1	1.0	1
development	llmarkers	positive_label	all	whitespace	lcs	550	5	279	0.5072727272727273	0.4563106796116505	0.5789473684210527	0	0				0	0	0.0223545	1.0	1	1	1.0	1
development	llmarkers	positive_label	all	whitespace	semi_global_exact	550	5	279	0.5072727272727273	0.4563106796116505	0.5789473684210527	0	0				0	0	0.013917	1.0	1	1	1.0	1
development	llmarkers	positive_label	all	whitespace	taln	550	5	279	0.5072727272727273	0.4563106796116505	0.5789473684210527	0	0				0	0	0.020625	1.0	1	5	1.0	5
development	llmarkers	positive_label	feature_label	boundary_stripped_whitespace	difflib	275	5	268	0.9745454545454545	0.946058091286307	0.9953917050691244	0	0				0	0	0.01975	1	1	1	1	1
development	llmarkers	positive_label	feature_label	boundary_stripped_whitespace	lcs	275	5	268	0.9745454545454545	0.946058091286307	0.9953917050691244	0	0				0	0	0.02225	1	1	1	1	1
development	llmarkers	positive_label	feature_label	boundary_stripped_whitespace	semi_global_exact	275	5	268	0.9745454545454545	0.946058091286307	0.9953917050691244	0	0				0	0	0.015167	1	1	1	1	1
development	llmarkers	positive_label	feature_label	boundary_stripped_whitespace	taln	275	5	268	0.9745454545454545	0.946058091286307	0.9953917050691244	0	0				0	0	0.040625	1	1	2	1	2
development	llmarkers	positive_label	feature_label	character_exact	exact	275	5	274	0.9963636363636363	0.9895470383275261	1.0	0	0				0	0	0.041708	1	2	3	1	3
development	llmarkers	positive_label	feature_label	cl100k_base	difflib	275	5	275	1.0	1.0	1.0	0	0				0	0	0.049	2	2	2	2	2
development	llmarkers	positive_label	feature_label	cl100k_base	lcs	275	5	275	1.0	1.0	1.0	0	0				0	0	0.081042	2	2	2	2	2
development	llmarkers	positive_label	feature_label	cl100k_base	semi_global_exact	275	5	275	1.0	1.0	1.0	0	0				0	0	0.028209	1	2	2	1	2
development	llmarkers	positive_label	feature_label	cl100k_base	taln	275	5	275	1.0	1.0	1.0	0	0				0	0	0.102667	2	12	40	2	24
development	llmarkers	positive_label	feature_label	pubmedbert	difflib	275	5	274	0.9963636363636363	0.9895470383275261	1.0	0	0				0	0	0.024333	1	1	1	1	1
development	llmarkers	positive_label	feature_label	pubmedbert	lcs	275	5	274	0.9963636363636363	0.9895470383275261	1.0	0	0				0	0	0.035291	1	1	1	1	1
development	llmarkers	positive_label	feature_label	pubmedbert	semi_global_exact	275	5	274	0.9963636363636363	0.9895470383275261	1.0	0	0				0	0	0.019792	1	1	1	1	1
development	llmarkers	positive_label	feature_label	pubmedbert	taln	275	5	274	0.9963636363636363	0.9895470383275261	1.0	0	0				0	0	0.081167	1	3	10	1	6
development	llmarkers	positive_label	feature_label	punctuation	difflib	275	5	274	0.9963636363636363	0.9895470383275261	1.0	0	0				0	0	0.021042	1	1	1	1	1
development	llmarkers	positive_label	feature_label	punctuation	lcs	275	5	274	0.9963636363636363	0.9895470383275261	1.0	0	0				0	0	0.026666	1	1	1	1	1
development	llmarkers	positive_label	feature_label	punctuation	semi_global_exact	275	5	274	0.9963636363636363	0.9895470383275261	1.0	0	0				0	0	0.015958	1	1	1	1	1
development	llmarkers	positive_label	feature_label	punctuation	taln	275	5	274	0.9963636363636363	0.9895470383275261	1.0	0	0				0	0	0.038291	1	2	3	1	3
development	llmarkers	positive_label	feature_label	scibert	difflib	275	5	274	0.9963636363636363	0.9895470383275261	1.0	0	0				0	0	0.026458	1	1	1	1	1
development	llmarkers	positive_label	feature_label	scibert	lcs	275	5	274	0.9963636363636363	0.9895470383275261	1.0	0	0				0	0	0.040708	1	1	1	1	1
development	llmarkers	positive_label	feature_label	scibert	semi_global_exact	275	5	274	0.9963636363636363	0.9895470383275261	1.0	0	0				0	0	0.0215	1	1	1	1	1
development	llmarkers	positive_label	feature_label	scibert	taln	275	5	274	0.9963636363636363	0.9895470383275261	1.0	0	0				0	0	0.075292	1	6	101	1	18
development	llmarkers	positive_label	feature_label	whitespace	difflib	275	5	106	0.38545454545454544	0.25357142857142856	0.5543478260869565	0	0				0	0	0.015875	0	1	1	0	1
development	llmarkers	positive_label	feature_label	whitespace	lcs	275	5	106	0.38545454545454544	0.25357142857142856	0.5543478260869565	0	0				0	0	0.020209	0	1	1	0	1
development	llmarkers	positive_label	feature_label	whitespace	semi_global_exact	275	5	106	0.38545454545454544	0.25357142857142856	0.5543478260869565	0	0				0	0	0.010375	0	1	1	0	1
development	llmarkers	positive_label	feature_label	whitespace	taln	275	5	106	0.38545454545454544	0.25357142857142856	0.5543478260869565	0	0				0	0	0.013417	0	1	2	0	2
development	llmarkers	positive_label	group_label	boundary_stripped_whitespace	difflib	275	5	226	0.8218181818181818	0.7344398340248963	0.8904109589041096	0	0				0	0	0.021084	1	1	1	1	1
development	llmarkers	positive_label	group_label	boundary_stripped_whitespace	lcs	275	5	226	0.8218181818181818	0.7344398340248963	0.8904109589041096	0	0				0	0	0.024667	1	1	1	1	1
development	llmarkers	positive_label	group_label	boundary_stripped_whitespace	semi_global_exact	275	5	226	0.8218181818181818	0.7344398340248963	0.8904109589041096	0	0				0	0	0.016166	1	1	1	1	1
development	llmarkers	positive_label	group_label	boundary_stripped_whitespace	taln	275	5	226	0.8218181818181818	0.7344398340248963	0.8904109589041096	0	0				0	0	0.026375	1	3	4	1	4
development	llmarkers	positive_label	group_label	character_exact	exact	275	5	230	0.8363636363636363	0.7510917030567685	0.9046321525885559	0	0				0	0	0.028167	1	2	2	1	2
development	llmarkers	positive_label	group_label	cl100k_base	difflib	275	5	235	0.8545454545454545	0.7606382978723404	0.9114285714285715	0	0				0	0	0.048875	2	2	2	2	2
development	llmarkers	positive_label	group_label	cl100k_base	lcs	275	5	235	0.8545454545454545	0.7606382978723404	0.9114285714285715	0	0				0	0	0.085792	2	2	2	2	2
development	llmarkers	positive_label	group_label	cl100k_base	semi_global_exact	275	5	235	0.8545454545454545	0.7606382978723404	0.9114285714285715	0	0				0	0	0.029125	1	1	2	1	2
development	llmarkers	positive_label	group_label	cl100k_base	taln	275	5	235	0.8545454545454545	0.7606382978723404	0.9114285714285715	0	0				0	0	0.075208	2	43	110	2	50
development	llmarkers	positive_label	group_label	pubmedbert	difflib	275	5	232	0.8436363636363636	0.755	0.9036144578313253	0	0				0	0	0.025541	1	1	1	1	1
development	llmarkers	positive_label	group_label	pubmedbert	lcs	275	5	235	0.8545454545454545	0.7606382978723404	0.9114285714285715	0	0				0	0	0.036791	1	1	1	1	1
development	llmarkers	positive_label	group_label	pubmedbert	semi_global_exact	275	5	235	0.8545454545454545	0.7606382978723404	0.9114285714285715	0	0				0	0	0.020792	1	1	1	1	1
development	llmarkers	positive_label	group_label	pubmedbert	taln	275	5	235	0.8545454545454545	0.7606382978723404	0.9114285714285715	0	0				0	0	0.037375	1	5	19	1	6
development	llmarkers	positive_label	group_label	punctuation	difflib	275	5	224	0.8145454545454546	0.7292576419213974	0.8910081743869209	0	0				0	0	0.023834	1	1	1	1	1
development	llmarkers	positive_label	group_label	punctuation	lcs	275	5	230	0.8363636363636363	0.74	0.9006024096385542	0	0				0	0	0.0305	1	1	1	1	1
development	llmarkers	positive_label	group_label	punctuation	semi_global_exact	275	5	230	0.8363636363636363	0.74	0.9006024096385542	0	0				0	0	0.017834	1	1	1	1	1
development	llmarkers	positive_label	group_label	punctuation	taln	275	5	230	0.8363636363636363	0.74	0.9006024096385542	0	0				0	0	0.0315	1	3	19	1	5
development	llmarkers	positive_label	group_label	scibert	difflib	275	5	232	0.8436363636363636	0.755	0.9036144578313253	0	0				0	0	0.027417	1	1	1	1	1
development	llmarkers	positive_label	group_label	scibert	lcs	275	5	235	0.8545454545454545	0.7606382978723404	0.9114285714285715	0	0				0	0	0.041542	1	1	1	1	1
development	llmarkers	positive_label	group_label	scibert	semi_global_exact	275	5	235	0.8545454545454545	0.7606382978723404	0.9114285714285715	0	0				0	0	0.022292	1	1	1	1	1
development	llmarkers	positive_label	group_label	scibert	taln	275	5	235	0.8545454545454545	0.7606382978723404	0.9114285714285715	0	0				0	0	0.046208	1	18	94	1	19
development	llmarkers	positive_label	group_label	whitespace	difflib	275	5	173	0.6290909090909091	0.5643939393939394	0.6888111888111889	0	0				0	0	0.021125	1	1	1	1	1
development	llmarkers	positive_label	group_label	whitespace	lcs	275	5	173	0.6290909090909091	0.5643939393939394	0.6888111888111889	0	0				0	0	0.024625	1	1	1	1	1
development	llmarkers	positive_label	group_label	whitespace	semi_global_exact	275	5	173	0.6290909090909091	0.5643939393939394	0.6888111888111889	0	0				0	0	0.015375	1	1	1	1	1
development	llmarkers	positive_label	group_label	whitespace	taln	275	5	173	0.6290909090909091	0.5643939393939394	0.6888111888111889	0	0				0	0	0.022875	1	2	5	1	5
