split	dataset	variant_status	gap_count	gap_width	tokenizer	method	tasks	documents	support_count	support_rate	support_ci_lower	support_ci_upper	localization_count	localization_scope	localization_rate	localization_ci_lower	localization_ci_upper	no_matched_token_path_count	no_matched_token_path_rate	no_matched_token_path_ci_lower	no_matched_token_path_ci_upper	errors	truncated_tasks	median_runtime_ms_diagnostic	burden_tasks	median_candidate_count	p95_candidate_count	max_candidate_count	median_unique_interval_count	p95_unique_interval_count	max_unique_interval_count	multiple_location_rate
development	bioboat	contiguous_control	0	0	character_exact	exact	2496	41	2496	1.0	1.0	1.0	2496	selected_path_gold_interval_hit	1.0	1.0	1.0	0	0.0	0.0	0.0	0	0	0.397479	0	None	None	None	None	None	None	
development	bioboat	contiguous_control	0	0	cl100k_base	difflib	2496	41	2414	0.9671474358974359	0.9544870189526238	0.9783064166746895	2385	selected_path_gold_interval_hit	0.9555288461538461	0.9399747924710955	0.9689176192226573	0	0.0	0.0	0.0	0	0	0.180979	0	None	None	None	None	None	None	
development	bioboat	contiguous_control	0	0	cl100k_base	lcs	2496	41	2414	0.9671474358974359	0.9544870189526238	0.9783064166746895	1922	selected_path_gold_interval_hit	0.7700320512820513	0.7235227123608576	0.814195658157709	0	0.0	0.0	0.0	0	0	0.6958545	0	None	None	None	None	None	None	
development	bioboat	contiguous_control	0	0	cl100k_base	taln	2496	41	2414	0.9671474358974359	0.9544870189526238	0.9783064166746895	2385	any_candidate_gold_interval_coverage	0.9555288461538461	0.9399747924710955	0.9689176192226573	40	0.016025641025641024	0.010761936850897874	0.022333847880407834	0	0	0.861271	0	None	None	None	None	None	None	
development	bioboat	contiguous_control	0	0	pubmedbert	difflib	2496	41	2487	0.9963942307692307	0.9938650306748467	0.9985097009105618	2487	selected_path_gold_interval_hit	0.9963942307692307	0.9938650306748467	0.9985097009105618	0	0.0	0.0	0.0	0	0	0.121125	0	None	None	None	None	None	None	
development	bioboat	contiguous_control	0	0	pubmedbert	lcs	2496	41	2487	0.9963942307692307	0.9938650306748467	0.9985097009105618	1958	selected_path_gold_interval_hit	0.7844551282051282	0.7363368042216433	0.8299661418669327	0	0.0	0.0	0.0	0	0	0.348854	0	None	None	None	None	None	None	
development	bioboat	contiguous_control	0	0	pubmedbert	taln	2496	41	2487	0.9963942307692307	0.9938650306748467	0.9985097009105618	2487	any_candidate_gold_interval_coverage	0.9963942307692307	0.9938650306748467	0.9985097009105618	1	0.00040064102564102563	0.0	0.0013398838767306833	0	0	0.5712919999999999	0	None	None	None	None	None	None	
development	bioboat	contiguous_control	0	0	punctuation	difflib	2496	41	2431	0.9739583333333334	0.9483533101585853	0.9932946284304348	2429	selected_path_gold_interval_hit	0.9731570512820513	0.9475218192419825	0.9924665028317429	0	0.0	0.0	0.0	0	0	0.11625	0	None	None	None	None	None	None	
development	bioboat	contiguous_control	0	0	punctuation	lcs	2496	41	2431	0.9739583333333334	0.9483533101585853	0.9932946284304348	1913	selected_path_gold_interval_hit	0.766426282051282	0.7239687620581808	0.8086910041873537	0	0.0	0.0	0.0	0	0	0.30181199999999997	0	None	None	None	None	None	None	
development	bioboat	contiguous_control	0	0	punctuation	taln	2496	41	2431	0.9739583333333334	0.9483533101585853	0.9932946284304348	2429	any_candidate_gold_interval_coverage	0.9731570512820513	0.9475218192419825	0.9924665028317429	6	0.002403846153846154	0.0008003041280486607	0.004330712924093669	0	0	0.3776665	2431	1	26	28706	1	6	72	0.3784450843274373
development	bioboat	primary_noncontiguous	1	1	character_exact	exact	2496	41	0	0.0	0.0	0.0	0	selected_path_gold_interval_hit	0.0	0.0	0.0	2496	1.0	1.0	1.0	0	0	0.1660835	0	None	None	None	None	None	None	
development	bioboat	primary_noncontiguous	1	1	cl100k_base	difflib	2496	41	2414	0.9671474358974359	0.9544870189526238	0.9783064166746895	2383	selected_path_gold_interval_hit	0.9547275641025641	0.939428457937296	0.9680464637880732	0	0.0	0.0	0.0	0	0	0.1983545	0	None	None	None	None	None	None	
development	bioboat	primary_noncontiguous	1	1	cl100k_base	lcs	2496	41	2414	0.9671474358974359	0.9544870189526238	0.9783064166746895	1922	selected_path_gold_interval_hit	0.7700320512820513	0.7235227123608576	0.814195658157709	0	0.0	0.0	0.0	0	0	0.656979	0	None	None	None	None	None	None	
development	bioboat	primary_noncontiguous	1	1	cl100k_base	taln	2496	41	2414	0.9671474358974359	0.9544870189526238	0.9783064166746895	2385	any_candidate_gold_interval_coverage	0.9555288461538461	0.9399747924710955	0.9689176192226573	40	0.016025641025641024	0.010761936850897874	0.022333847880407834	0	0	0.5535	0	None	None	None	None	None	None	
development	bioboat	primary_noncontiguous	1	1	pubmedbert	difflib	2496	41	2487	0.9963942307692307	0.9938650306748467	0.9985097009105618	2485	selected_path_gold_interval_hit	0.9955929487179487	0.9928690402325451	0.9979132104125705	0	0.0	0.0	0.0	0	0	0.1304795	0	None	None	None	None	None	None	
development	bioboat	primary_noncontiguous	1	1	pubmedbert	lcs	2496	41	2487	0.9963942307692307	0.9938650306748467	0.9985097009105618	1958	selected_path_gold_interval_hit	0.7844551282051282	0.7363368042216433	0.8299661418669327	0	0.0	0.0	0.0	0	0	0.330604	0	None	None	None	None	None	None	
development	bioboat	primary_noncontiguous	1	1	pubmedbert	taln	2496	41	2487	0.9963942307692307	0.9938650306748467	0.9985097009105618	2487	any_candidate_gold_interval_coverage	0.9963942307692307	0.9938650306748467	0.9985097009105618	1	0.00040064102564102563	0.0	0.0013398838767306833	0	0	0.322812	0	None	None	None	None	None	None	
development	bioboat	primary_noncontiguous	1	1	punctuation	difflib	2496	41	2431	0.9739583333333334	0.9483533101585853	0.9932946284304348	2427	selected_path_gold_interval_hit	0.9723557692307693	0.9468304644801593	0.9915939292255451	0	0.0	0.0	0.0	0	0	0.1241045	0	None	None	None	None	None	None	
development	bioboat	primary_noncontiguous	1	1	punctuation	lcs	2496	41	2431	0.9739583333333334	0.9483533101585853	0.9932946284304348	1913	selected_path_gold_interval_hit	0.766426282051282	0.7239687620581808	0.8086910041873537	0	0.0	0.0	0.0	0	0	0.288583	0	None	None	None	None	None	None	
development	bioboat	primary_noncontiguous	1	1	punctuation	taln	2496	41	2431	0.9739583333333334	0.9483533101585853	0.9932946284304348	2429	any_candidate_gold_interval_coverage	0.9731570512820513	0.9475218192419825	0.9924665028317429	6	0.002403846153846154	0.0008003041280486607	0.004330712924093669	0	0	0.2285415	2431	1	26	28706	1	6	72	0.3784450843274373
development	bioboat	primary_noncontiguous	1	2	character_exact	exact	2496	41	0	0.0	0.0	0.0	0	selected_path_gold_interval_hit	0.0	0.0	0.0	2496	1.0	1.0	1.0	0	0	0.155188	0	None	None	None	None	None	None	
development	bioboat	primary_noncontiguous	1	2	cl100k_base	difflib	2496	41	2412	0.9663461538461539	0.9534049344116085	0.9776522827754953	2381	selected_path_gold_interval_hit	0.953926282051282	0.9383656951598238	0.9673675412406564	0	0.0	0.0	0.0	0	0	0.1925	0	None	None	None	None	None	None	
development	bioboat	primary_noncontiguous	1	2	cl100k_base	lcs	2496	41	2414	0.9671474358974359	0.9544870189526238	0.9783064166746895	1922	selected_path_gold_interval_hit	0.7700320512820513	0.7235227123608576	0.814195658157709	0	0.0	0.0	0.0	0	0	0.6262915	0	None	None	None	None	None	None	
development	bioboat	primary_noncontiguous	1	2	cl100k_base	taln	2496	41	2414	0.9671474358974359	0.9544870189526238	0.9783064166746895	2385	any_candidate_gold_interval_coverage	0.9555288461538461	0.9399747924710955	0.9689176192226573	40	0.016025641025641024	0.010761936850897874	0.022333847880407834	0	0	0.5239585	0	None	None	None	None	None	None	
development	bioboat	primary_noncontiguous	1	2	pubmedbert	difflib	2496	41	2485	0.9955929487179487	0.9929244239438971	0.997909436786446	2483	selected_path_gold_interval_hit	0.9947916666666666	0.9916994106970135	0.9974117446252364	0	0.0	0.0	0.0	0	0	0.12616650000000001	0	None	None	None	None	None	None	
development	bioboat	primary_noncontiguous	1	2	pubmedbert	lcs	2496	41	2487	0.9963942307692307	0.9938650306748467	0.9985097009105618	1958	selected_path_gold_interval_hit	0.7844551282051282	0.7363368042216433	0.8299661418669327	0	0.0	0.0	0.0	0	0	0.314229	0	None	None	None	None	None	None	
development	bioboat	primary_noncontiguous	1	2	pubmedbert	taln	2496	41	2487	0.9963942307692307	0.9938650306748467	0.9985097009105618	2487	any_candidate_gold_interval_coverage	0.9963942307692307	0.9938650306748467	0.9985097009105618	1	0.00040064102564102563	0.0	0.0013398838767306833	0	0	0.30675050000000004	0	None	None	None	None	None	None	
development	bioboat	primary_noncontiguous	1	2	punctuation	difflib	2496	41	2429	0.9731570512820513	0.9478260053531793	0.9924138149003879	2425	selected_path_gold_interval_hit	0.9715544871794872	0.946173420371967	0.9907354060901793	0	0.0	0.0	0.0	0	0	0.11972949999999999	0	None	None	None	None	None	None	
development	bioboat	primary_noncontiguous	1	2	punctuation	lcs	2496	41	2431	0.9739583333333334	0.9483533101585853	0.9932946284304348	1913	selected_path_gold_interval_hit	0.766426282051282	0.7239687620581808	0.8086910041873537	0	0.0	0.0	0.0	0	0	0.2743125	0	None	None	None	None	None	None	
development	bioboat	primary_noncontiguous	1	2	punctuation	taln	2496	41	2431	0.9739583333333334	0.9483533101585853	0.9932946284304348	2429	any_candidate_gold_interval_coverage	0.9731570512820513	0.9475218192419825	0.9924665028317429	6	0.002403846153846154	0.0008003041280486607	0.004330712924093669	0	0	0.220021	2431	1	26	39102	1	6	72	0.3784450843274373
development	bioboat	primary_noncontiguous	1	3	character_exact	exact	2496	41	0	0.0	0.0	0.0	0	selected_path_gold_interval_hit	0.0	0.0	0.0	2496	1.0	1.0	1.0	0	0	0.14852100000000001	0	None	None	None	None	None	None	
development	bioboat	primary_noncontiguous	1	3	cl100k_base	difflib	2496	41	2413	0.9667467948717948	0.9540007330477502	0.9777872750484843	2381	selected_path_gold_interval_hit	0.953926282051282	0.938295355868898	0.9672951797295265	0	0.0	0.0	0.0	0	0	0.185875	0	None	None	None	None	None	None	
development	bioboat	primary_noncontiguous	1	3	cl100k_base	lcs	2496	41	2414	0.9671474358974359	0.9544870189526238	0.9783064166746895	1922	selected_path_gold_interval_hit	0.7700320512820513	0.7235227123608576	0.814195658157709	0	0.0	0.0	0.0	0	0	0.5931664999999999	0	None	None	None	None	None	None	
development	bioboat	primary_noncontiguous	1	3	cl100k_base	taln	2496	41	2414	0.9671474358974359	0.9544870189526238	0.9783064166746895	2385	any_candidate_gold_interval_coverage	0.9555288461538461	0.9399747924710955	0.9689176192226573	40	0.016025641025641024	0.010761936850897874	0.022333847880407834	0	0	0.4946875	0	None	None	None	None	None	None	
development	bioboat	primary_noncontiguous	1	3	pubmedbert	difflib	2496	41	2486	0.9959935897435898	0.9933554127151291	0.9981900861610467	2483	selected_path_gold_interval_hit	0.9947916666666666	0.9920121339418622	0.9972312271288379	0	0.0	0.0	0.0	0	0	0.12081249999999999	0	None	None	None	None	None	None	
development	bioboat	primary_noncontiguous	1	3	pubmedbert	lcs	2496	41	2487	0.9963942307692307	0.9938650306748467	0.9985097009105618	1958	selected_path_gold_interval_hit	0.7844551282051282	0.7363368042216433	0.8299661418669327	0	0.0	0.0	0.0	0	0	0.2996875	0	None	None	None	None	None	None	
development	bioboat	primary_noncontiguous	1	3	pubmedbert	taln	2496	41	2487	0.9963942307692307	0.9938650306748467	0.9985097009105618	2487	any_candidate_gold_interval_coverage	0.9963942307692307	0.9938650306748467	0.9985097009105618	1	0.00040064102564102563	0.0	0.0013398838767306833	0	0	0.293313	0	None	None	None	None	None	None	
development	bioboat	primary_noncontiguous	1	3	punctuation	difflib	2496	41	2431	0.9739583333333334	0.9483533101585853	0.9932946284304348	2426	selected_path_gold_interval_hit	0.9719551282051282	0.946497417816147	0.9911003554891915	0	0.0	0.0	0.0	0	0	0.1146665	0	None	None	None	None	None	None	
development	bioboat	primary_noncontiguous	1	3	punctuation	lcs	2496	41	2431	0.9739583333333334	0.9483533101585853	0.9932946284304348	1913	selected_path_gold_interval_hit	0.766426282051282	0.7239687620581808	0.8086910041873537	0	0.0	0.0	0.0	0	0	0.2610835	0	None	None	None	None	None	None	
development	bioboat	primary_noncontiguous	1	3	punctuation	taln	2496	41	2431	0.9739583333333334	0.9483533101585853	0.9932946284304348	2429	any_candidate_gold_interval_coverage	0.9731570512820513	0.9475218192419825	0.9924665028317429	6	0.002403846153846154	0.0008003041280486607	0.004330712924093669	0	0	0.206125	2431	1	28	28706	1	6	72	0.3784450843274373
development	bioboat	primary_noncontiguous	2	1	character_exact	exact	2496	41	0	0.0	0.0	0.0	0	selected_path_gold_interval_hit	0.0	0.0	0.0	2496	1.0	1.0	1.0	0	0	0.1548545	0	None	None	None	None	None	None	
development	bioboat	primary_noncontiguous	2	1	cl100k_base	difflib	2496	41	2403	0.9627403846153846	0.9490130953096211	0.9742738589211618	2372	selected_path_gold_interval_hit	0.9503205128205128	0.9338700132015378	0.9641738489102408	0	0.0	0.0	0.0	0	0	0.2103125	0	None	None	None	None	None	None	
development	bioboat	primary_noncontiguous	2	1	cl100k_base	lcs	2496	41	2414	0.9671474358974359	0.9544870189526238	0.9783064166746895	1922	selected_path_gold_interval_hit	0.7700320512820513	0.7235227123608576	0.814195658157709	0	0.0	0.0	0.0	0	0	0.6309165	0	None	None	None	None	None	None	
development	bioboat	primary_noncontiguous	2	1	cl100k_base	taln	2496	41	2414	0.9671474358974359	0.9544870189526238	0.9783064166746895	2385	any_candidate_gold_interval_coverage	0.9555288461538461	0.9399747924710955	0.9689176192226573	40	0.016025641025641024	0.010761936850897874	0.022333847880407834	0	0	0.5221045	0	None	None	None	None	None	None	
development	bioboat	primary_noncontiguous	2	1	pubmedbert	difflib	2496	41	2475	0.9915865384615384	0.9876316929924239	0.9952047777592943	2472	selected_path_gold_interval_hit	0.9903846153846154	0.9858765709286674	0.9943651389932382	0	0.0	0.0	0.0	0	0	0.13518750000000002	0	None	None	None	None	None	None	
development	bioboat	primary_noncontiguous	2	1	pubmedbert	lcs	2496	41	2487	0.9963942307692307	0.9938650306748467	0.9985097009105618	1958	selected_path_gold_interval_hit	0.7844551282051282	0.7363368042216433	0.8299661418669327	0	0.0	0.0	0.0	0	0	0.3164585	0	None	None	None	None	None	None	
development	bioboat	primary_noncontiguous	2	1	pubmedbert	taln	2496	41	2487	0.9963942307692307	0.9938650306748467	0.9985097009105618	2487	any_candidate_gold_interval_coverage	0.9963942307692307	0.9938650306748467	0.9985097009105618	1	0.00040064102564102563	0.0	0.0013398838767306833	0	0	0.30433350000000003	0	None	None	None	None	None	None	
development	bioboat	primary_noncontiguous	2	1	punctuation	difflib	2496	41	2422	0.9703525641025641	0.9451680037576741	0.9892135004587871	2417	selected_path_gold_interval_hit	0.9683493589743589	0.9430386984813582	0.9873046766703786	0	0.0	0.0	0.0	0	0	0.1288125	0	None	None	None	None	None	None	
development	bioboat	primary_noncontiguous	2	1	punctuation	lcs	2496	41	2431	0.9739583333333334	0.9483533101585853	0.9932946284304348	1913	selected_path_gold_interval_hit	0.766426282051282	0.7239687620581808	0.8086910041873537	0	0.0	0.0	0.0	0	0	0.2763545	0	None	None	None	None	None	None	
development	bioboat	primary_noncontiguous	2	1	punctuation	taln	2496	41	2431	0.9739583333333334	0.9483533101585853	0.9932946284304348	2429	any_candidate_gold_interval_coverage	0.9731570512820513	0.9475218192419825	0.9924665028317429	6	0.002403846153846154	0.0008003041280486607	0.004330712924093669	0	0	0.2178335	2431	1	26	28706	1	6	72	0.3784450843274373
development	bioboat	primary_noncontiguous	2	2	character_exact	exact	2496	41	0	0.0	0.0	0.0	0	selected_path_gold_interval_hit	0.0	0.0	0.0	2496	1.0	1.0	1.0	0	0	0.142208	0	None	None	None	None	None	None	
development	bioboat	primary_noncontiguous	2	2	cl100k_base	difflib	2496	41	2399	0.9611378205128205	0.9482913387805186	0.9721024393167003	2364	selected_path_gold_interval_hit	0.9471153846153846	0.9313321927236278	0.9605039559017406	0	0.0	0.0	0.0	0	0	0.197875	0	None	None	None	None	None	None	
development	bioboat	primary_noncontiguous	2	2	cl100k_base	lcs	2496	41	2414	0.9671474358974359	0.9544870189526238	0.9783064166746895	1922	selected_path_gold_interval_hit	0.7700320512820513	0.7235227123608576	0.814195658157709	0	0.0	0.0	0.0	0	0	0.561875	0	None	None	None	None	None	None	
development	bioboat	primary_noncontiguous	2	2	cl100k_base	taln	2496	41	2414	0.9671474358974359	0.9544870189526238	0.9783064166746895	2385	any_candidate_gold_interval_coverage	0.9555288461538461	0.9399747924710955	0.9689176192226573	40	0.016025641025641024	0.010761936850897874	0.022333847880407834	0	0	0.47187500000000004	0	None	None	None	None	None	None	
development	bioboat	primary_noncontiguous	2	2	pubmedbert	difflib	2496	41	2470	0.9895833333333334	0.985575045161922	0.9933994359855077	2465	selected_path_gold_interval_hit	0.9875801282051282	0.9830268043159851	0.9917996377758692	0	0.0	0.0	0.0	0	0	0.125917	0	None	None	None	None	None	None	
development	bioboat	primary_noncontiguous	2	2	pubmedbert	lcs	2496	41	2487	0.9963942307692307	0.9938650306748467	0.9985097009105618	1958	selected_path_gold_interval_hit	0.7844551282051282	0.7363368042216433	0.8299661418669327	0	0.0	0.0	0.0	0	0	0.2837505	0	None	None	None	None	None	None	
development	bioboat	primary_noncontiguous	2	2	pubmedbert	taln	2496	41	2487	0.9963942307692307	0.9938650306748467	0.9985097009105618	2487	any_candidate_gold_interval_coverage	0.9963942307692307	0.9938650306748467	0.9985097009105618	1	0.00040064102564102563	0.0	0.0013398838767306833	0	0	0.2834995	0	None	None	None	None	None	None	
development	bioboat	primary_noncontiguous	2	2	punctuation	difflib	2496	41	2413	0.9667467948717948	0.9416450189930247	0.9855431903244569	2406	selected_path_gold_interval_hit	0.9639423076923077	0.9390240158541576	0.9828389248709001	0	0.0	0.0	0.0	0	0	0.1195	0	None	None	None	None	None	None	
development	bioboat	primary_noncontiguous	2	2	punctuation	lcs	2496	41	2431	0.9739583333333334	0.9483533101585853	0.9932946284304348	1913	selected_path_gold_interval_hit	0.766426282051282	0.7239687620581808	0.8086910041873537	0	0.0	0.0	0.0	0	0	0.249646	0	None	None	None	None	None	None	
development	bioboat	primary_noncontiguous	2	2	punctuation	taln	2496	41	2431	0.9739583333333334	0.9483533101585853	0.9932946284304348	2429	any_candidate_gold_interval_coverage	0.9731570512820513	0.9475218192419825	0.9924665028317429	6	0.002403846153846154	0.0008003041280486607	0.004330712924093669	0	0	0.1984165	2431	1	27	28706	1	6	74	0.3784450843274373
development	bioboat	primary_noncontiguous	2	3	character_exact	exact	2496	41	0	0.0	0.0	0.0	0	selected_path_gold_interval_hit	0.0	0.0	0.0	2496	1.0	1.0	1.0	0	0	0.122125	0	None	None	None	None	None	None	
development	bioboat	primary_noncontiguous	2	3	cl100k_base	difflib	2496	41	2387	0.9563301282051282	0.9412591275411417	0.9689775934046526	2349	selected_path_gold_interval_hit	0.9411057692307693	0.9227556994711109	0.9566946104566949	0	0.0	0.0	0.0	0	0	0.185667	0	None	None	None	None	None	None	
development	bioboat	primary_noncontiguous	2	3	cl100k_base	lcs	2496	41	2414	0.9671474358974359	0.9544870189526238	0.9783064166746895	1922	selected_path_gold_interval_hit	0.7700320512820513	0.7235227123608576	0.814195658157709	0	0.0	0.0	0.0	0	0	0.493625	0	None	None	None	None	None	None	
development	bioboat	primary_noncontiguous	2	3	cl100k_base	taln	2496	41	2414	0.9671474358974359	0.9544870189526238	0.9783064166746895	2385	any_candidate_gold_interval_coverage	0.9555288461538461	0.9399747924710955	0.9689176192226573	40	0.016025641025641024	0.010761936850897874	0.022333847880407834	0	0	0.4136875	0	None	None	None	None	None	None	
development	bioboat	primary_noncontiguous	2	3	pubmedbert	difflib	2496	41	2458	0.9847756410256411	0.9790513707253024	0.9897135176471201	2446	selected_path_gold_interval_hit	0.9799679487179487	0.9724848624728891	0.986496740474794	0	0.0	0.0	0.0	0	0	0.1169795	0	None	None	None	None	None	None	
development	bioboat	primary_noncontiguous	2	3	pubmedbert	lcs	2496	41	2487	0.9963942307692307	0.9938650306748467	0.9985097009105618	1958	selected_path_gold_interval_hit	0.7844551282051282	0.7363368042216433	0.8299661418669327	0	0.0	0.0	0.0	0	0	0.248021	0	None	None	None	None	None	None	
development	bioboat	primary_noncontiguous	2	3	pubmedbert	taln	2496	41	2487	0.9963942307692307	0.9938650306748467	0.9985097009105618	2487	any_candidate_gold_interval_coverage	0.9963942307692307	0.9938650306748467	0.9985097009105618	1	0.00040064102564102563	0.0	0.0013398838767306833	0	0	0.252063	0	None	None	None	None	None	None	
development	bioboat	primary_noncontiguous	2	3	punctuation	difflib	2496	41	2407	0.9643429487179487	0.9399005523951931	0.9831605546110975	2393	selected_path_gold_interval_hit	0.9587339743589743	0.9342380063780616	0.9773427251879617	0	0.0	0.0	0.0	0	0	0.1116045	0	None	None	None	None	None	None	
development	bioboat	primary_noncontiguous	2	3	punctuation	lcs	2496	41	2431	0.9739583333333334	0.9483533101585853	0.9932946284304348	1913	selected_path_gold_interval_hit	0.766426282051282	0.7239687620581808	0.8086910041873537	0	0.0	0.0	0.0	0	0	0.2174995	0	None	None	None	None	None	None	
development	bioboat	primary_noncontiguous	2	3	punctuation	taln	2496	41	2431	0.9739583333333334	0.9483533101585853	0.9932946284304348	2429	any_candidate_gold_interval_coverage	0.9731570512820513	0.9475218192419825	0.9924665028317429	6	0.002403846153846154	0.0008003041280486607	0.004330712924093669	0	0	0.180479	2431	1	28	28706	1	6	74	0.3784450843274373
development	bioboat	primary_noncontiguous	3	1	character_exact	exact	2496	41	0	0.0	0.0	0.0	0	selected_path_gold_interval_hit	0.0	0.0	0.0	2496	1.0	1.0	1.0	0	0	0.14739649999999999	0	None	None	None	None	None	None	
development	bioboat	primary_noncontiguous	3	1	cl100k_base	difflib	2496	41	2381	0.953926282051282	0.9411343941428894	0.9654045654040144	2340	selected_path_gold_interval_hit	0.9375	0.9204626873114419	0.9530160802030087	0	0.0	0.0	0.0	0	0	0.2165205	0	None	None	None	None	None	None	
development	bioboat	primary_noncontiguous	3	1	cl100k_base	lcs	2496	41	2414	0.9671474358974359	0.9544870189526238	0.9783064166746895	1922	selected_path_gold_interval_hit	0.7700320512820513	0.7235227123608576	0.814195658157709	0	0.0	0.0	0.0	0	0	0.5927295	0	None	None	None	None	None	None	
development	bioboat	primary_noncontiguous	3	1	cl100k_base	taln	2496	41	2414	0.9671474358974359	0.9544870189526238	0.9783064166746895	2385	any_candidate_gold_interval_coverage	0.9555288461538461	0.9399747924710955	0.9689176192226573	40	0.016025641025641024	0.010761936850897874	0.022333847880407834	0	0	0.49475	0	None	None	None	None	None	None	
development	bioboat	primary_noncontiguous	3	1	pubmedbert	difflib	2496	41	2451	0.9819711538461539	0.9748520394779986	0.9880137438979049	2436	selected_path_gold_interval_hit	0.9759615384615384	0.9664334490519971	0.9841071156450766	0	0.0	0.0	0.0	0	0	0.137771	0	None	None	None	None	None	None	
development	bioboat	primary_noncontiguous	3	1	pubmedbert	lcs	2496	41	2487	0.9963942307692307	0.9938650306748467	0.9985097009105618	1958	selected_path_gold_interval_hit	0.7844551282051282	0.7363368042216433	0.8299661418669327	0	0.0	0.0	0.0	0	0	0.3001875	0	None	None	None	None	None	None	
development	bioboat	primary_noncontiguous	3	1	pubmedbert	taln	2496	41	2487	0.9963942307692307	0.9938650306748467	0.9985097009105618	2487	any_candidate_gold_interval_coverage	0.9963942307692307	0.9938650306748467	0.9985097009105618	1	0.00040064102564102563	0.0	0.0013398838767306833	0	0	0.292541	0	None	None	None	None	None	None	
development	bioboat	primary_noncontiguous	3	1	punctuation	difflib	2496	41	2402	0.9623397435897436	0.937872469243437	0.9808941574943071	2385	selected_path_gold_interval_hit	0.9555288461538461	0.9312276887861822	0.9742708970035782	0	0.0	0.0	0.0	0	0	0.131625	0	None	None	None	None	None	None	
development	bioboat	primary_noncontiguous	3	1	punctuation	lcs	2496	41	2431	0.9739583333333334	0.9483533101585853	0.9932946284304348	1913	selected_path_gold_interval_hit	0.766426282051282	0.7239687620581808	0.8086910041873537	0	0.0	0.0	0.0	0	0	0.2615	0	None	None	None	None	None	None	
development	bioboat	primary_noncontiguous	3	1	punctuation	taln	2496	41	2431	0.9739583333333334	0.9483533101585853	0.9932946284304348	2429	any_candidate_gold_interval_coverage	0.9731570512820513	0.9475218192419825	0.9924665028317429	6	0.002403846153846154	0.0008003041280486607	0.004330712924093669	0	0	0.20397949999999998	2431	1	25	63894	1	6	74	0.3784450843274373
development	bioboat	primary_noncontiguous	3	2	character_exact	exact	2496	41	0	0.0	0.0	0.0	0	selected_path_gold_interval_hit	0.0	0.0	0.0	2496	1.0	1.0	1.0	0	0	0.1247915	0	None	None	None	None	None	None	
development	bioboat	primary_noncontiguous	3	2	cl100k_base	difflib	2496	41	2337	0.9362980769230769	0.9220321827111739	0.9492503744254507	2279	selected_path_gold_interval_hit	0.9130608974358975	0.8942390056150215	0.929887936827957	0	0.0	0.0	0.0	0	0	0.1991665	0	None	None	None	None	None	None	
development	bioboat	primary_noncontiguous	3	2	cl100k_base	lcs	2496	41	2414	0.9671474358974359	0.9544870189526238	0.9783064166746895	1922	selected_path_gold_interval_hit	0.7700320512820513	0.7235227123608576	0.814195658157709	0	0.0	0.0	0.0	0	0	0.49072899999999997	0	None	None	None	None	None	None	
development	bioboat	primary_noncontiguous	3	2	cl100k_base	taln	2496	41	2414	0.9671474358974359	0.9544870189526238	0.9783064166746895	2385	any_candidate_gold_interval_coverage	0.9555288461538461	0.9399747924710955	0.9689176192226573	40	0.016025641025641024	0.010761936850897874	0.022333847880407834	0	0	0.42166650000000006	0	None	None	None	None	None	None	
development	bioboat	primary_noncontiguous	3	2	pubmedbert	difflib	2496	41	2414	0.9671474358974359	0.9578983223669403	0.9751685194868424	2377	selected_path_gold_interval_hit	0.952323717948718	0.9400175037554944	0.9631640559487235	0	0.0	0.0	0.0	0	0	0.1236875	0	None	None	None	None	None	None	
development	bioboat	primary_noncontiguous	3	2	pubmedbert	lcs	2496	41	2487	0.9963942307692307	0.9938650306748467	0.9985097009105618	1958	selected_path_gold_interval_hit	0.7844551282051282	0.7363368042216433	0.8299661418669327	0	0.0	0.0	0.0	0	0	0.2490215	0	None	None	None	None	None	None	
development	bioboat	primary_noncontiguous	3	2	pubmedbert	taln	2496	41	2487	0.9963942307692307	0.9938650306748467	0.9985097009105618	2487	any_candidate_gold_interval_coverage	0.9963942307692307	0.9938650306748467	0.9985097009105618	1	0.00040064102564102563	0.0	0.0013398838767306833	0	0	0.255854	0	None	None	None	None	None	None	
development	bioboat	primary_noncontiguous	3	2	punctuation	difflib	2496	41	2364	0.9471153846153846	0.9237494625924995	0.9659360558189894	2326	selected_path_gold_interval_hit	0.9318910256410257	0.9094017427559058	0.9510414376876261	0	0.0	0.0	0.0	0	0	0.118542	0	None	None	None	None	None	None	
development	bioboat	primary_noncontiguous	3	2	punctuation	lcs	2496	41	2431	0.9739583333333334	0.9483533101585853	0.9932946284304348	1913	selected_path_gold_interval_hit	0.766426282051282	0.7239687620581808	0.8086910041873537	0	0.0	0.0	0.0	0	0	0.21910449999999998	0	None	None	None	None	None	None	
development	bioboat	primary_noncontiguous	3	2	punctuation	taln	2496	41	2431	0.9739583333333334	0.9483533101585853	0.9932946284304348	2429	any_candidate_gold_interval_coverage	0.9731570512820513	0.9475218192419825	0.9924665028317429	6	0.002403846153846154	0.0008003041280486607	0.004330712924093669	0	0	0.180542	2431	1	26	39818	1	6	74	0.3792677910324969
development	bioboat	primary_noncontiguous	3	3	character_exact	exact	2496	41	0	0.0	0.0	0.0	0	selected_path_gold_interval_hit	0.0	0.0	0.0	2496	1.0	1.0	1.0	0	0	0.101375	0	None	None	None	None	None	None	
development	bioboat	primary_noncontiguous	3	3	cl100k_base	difflib	2496	41	2235	0.8954326923076923	0.877542699671007	0.9119465045896329	2124	selected_path_gold_interval_hit	0.8509615384615384	0.8268700254908751	0.8734783404280634	0	0.0	0.0	0.0	0	0	0.180417	0	None	None	None	None	None	None	
development	bioboat	primary_noncontiguous	3	3	cl100k_base	lcs	2496	41	2414	0.9671474358974359	0.9544870189526238	0.9783064166746895	1920	selected_path_gold_interval_hit	0.7692307692307693	0.7224837443253039	0.8134000853746368	0	0.0	0.0	0.0	0	0	0.3915625	0	None	None	None	None	None	None	
development	bioboat	primary_noncontiguous	3	3	cl100k_base	taln	2496	41	2414	0.9671474358974359	0.9544870189526238	0.9783064166746895	2385	any_candidate_gold_interval_coverage	0.9555288461538461	0.9399747924710955	0.9689176192226573	40	0.016025641025641024	0.010761936850897874	0.022333847880407834	0	0	0.34779150000000003	0	None	None	None	None	None	None	
development	bioboat	primary_noncontiguous	3	3	pubmedbert	difflib	2496	41	2299	0.921073717948718	0.9036305849862994	0.9366555887451579	2205	selected_path_gold_interval_hit	0.8834134615384616	0.8606059341326453	0.9041521749644478	0	0.0	0.0	0.0	0	0	0.111083	0	None	None	None	None	None	None	
development	bioboat	primary_noncontiguous	3	3	pubmedbert	lcs	2496	41	2487	0.9963942307692307	0.9938650306748467	0.9985097009105618	1956	selected_path_gold_interval_hit	0.7836538461538461	0.7354057262916983	0.8296359102548598	0	0.0	0.0	0.0	0	0	0.197938	0	None	None	None	None	None	None	
development	bioboat	primary_noncontiguous	3	3	pubmedbert	taln	2496	41	2487	0.9963942307692307	0.9938650306748467	0.9985097009105618	2487	any_candidate_gold_interval_coverage	0.9963942307692307	0.9938650306748467	0.9985097009105618	1	0.00040064102564102563	0.0	0.0013398838767306833	0	0	0.220063	0	None	None	None	None	None	None	
development	bioboat	primary_noncontiguous	3	3	punctuation	difflib	2496	41	2244	0.8990384615384616	0.8751103151449401	0.9206696900514577	2151	selected_path_gold_interval_hit	0.8617788461538461	0.8361365095147	0.8864923012155637	0	0.0	0.0	0.0	0	0	0.10502049999999999	0	None	None	None	None	None	None	
development	bioboat	primary_noncontiguous	3	3	punctuation	lcs	2496	41	2431	0.9739583333333334	0.9483533101585853	0.9932946284304348	1911	selected_path_gold_interval_hit	0.765625	0.7230362654758976	0.8080812859862821	0	0.0	0.0	0.0	0	0	0.1747085	0	None	None	None	None	None	None	
development	bioboat	primary_noncontiguous	3	3	punctuation	taln	2496	41	2431	0.9739583333333334	0.9483533101585853	0.9932946284304348	2429	any_candidate_gold_interval_coverage	0.9731570512820513	0.9475218192419825	0.9924665028317429	6	0.002403846153846154	0.0008003041280486607	0.004330712924093669	0	0	0.149771	2431	1	26	24216	1	6	74	0.381324557795146
development	boat	contiguous_control	0	0	character_exact	exact	2495	222	2495	1.0	1.0	1.0	2495	selected_path_gold_interval_hit	1.0	1.0	1.0	0	0.0	0.0	0.0	0	0	0.762	0	None	None	None	None	None	None	
development	boat	contiguous_control	0	0	cl100k_base	difflib	2495	222	2438	0.9771543086172345	0.9697316146490695	0.9836500262950524	2415	selected_path_gold_interval_hit	0.9679358717434869	0.9586666666666667	0.9761695984343421	0	0.0	0.0	0.0	0	0	0.177292	0	None	None	None	None	None	None	
development	boat	contiguous_control	0	0	cl100k_base	lcs	2495	222	2438	0.9771543086172345	0.9697316146490695	0.9836500262950524	1731	selected_path_gold_interval_hit	0.6937875751503007	0.6612901365050537	0.7285406390764623	0	0.0	0.0	0.0	0	0	0.699708	0	None	None	None	None	None	None	
development	boat	contiguous_control	0	0	cl100k_base	taln	2495	222	2438	0.9771543086172345	0.9697316146490695	0.9836500262950524	2415	any_candidate_gold_interval_coverage	0.9679358717434869	0.9586666666666667	0.9761695984343421	18	0.007214428857715431	0.004026833354623798	0.011087293229106997	0	0	1.279625	0	None	None	None	None	None	None	
development	boat	contiguous_control	0	0	pubmedbert	difflib	2495	222	2478	0.9931863727454909	0.9893006692271379	0.9966165731408567	2478	selected_path_gold_interval_hit	0.9931863727454909	0.9893006692271379	0.9966165731408567	0	0.0	0.0	0.0	0	0	0.123333	0	None	None	None	None	None	None	
development	boat	contiguous_control	0	0	pubmedbert	lcs	2495	222	2478	0.9931863727454909	0.9893006692271379	0.9966165731408567	1695	selected_path_gold_interval_hit	0.6793587174348698	0.6465483819453746	0.7146854134566	0	0.0	0.0	0.0	0	0	0.433166	0	None	None	None	None	None	None	
development	boat	contiguous_control	0	0	pubmedbert	taln	2495	222	2478	0.9931863727454909	0.9893006692271379	0.9966165731408567	2478	any_candidate_gold_interval_coverage	0.9931863727454909	0.9893006692271379	0.9966165731408567	0	0.0	0.0	0.0	0	0	0.974584	0	None	None	None	None	None	None	
development	boat	contiguous_control	0	0	punctuation	difflib	2495	222	2476	0.9923847695390782	0.9884294815776552	0.9960018124993563	2476	selected_path_gold_interval_hit	0.9923847695390782	0.9884294815776552	0.9960018124993563	0	0.0	0.0	0.0	0	0	0.113458	0	None	None	None	None	None	None	
development	boat	contiguous_control	0	0	punctuation	lcs	2495	222	2476	0.9923847695390782	0.9884294815776552	0.9960018124993563	1757	selected_path_gold_interval_hit	0.7042084168336673	0.6698181673879412	0.740830116859879	0	0.0	0.0	0.0	0	0	0.325958	0	None	None	None	None	None	None	
development	boat	contiguous_control	0	0	punctuation	taln	2495	222	2476	0.9923847695390782	0.9884294815776552	0.9960018124993563	2476	any_candidate_gold_interval_coverage	0.9923847695390782	0.9884294815776552	0.9960018124993563	0	0.0	0.0	0.0	0	0	0.587041	2476	2.0	20	18734	2.0	9	54	0.5032310177705978
development	boat	primary_noncontiguous	1	1	character_exact	exact	2495	222	0	0.0	0.0	0.0	0	selected_path_gold_interval_hit	0.0	0.0	0.0	2495	1.0	1.0	1.0	0	0	0.153292	0	None	None	None	None	None	None	
development	boat	primary_noncontiguous	1	1	cl100k_base	difflib	2495	222	2437	0.9767535070140281	0.9693121104663658	0.9833188882937374	2413	selected_path_gold_interval_hit	0.9671342685370742	0.9578096459861168	0.9755122861585859	0	0.0	0.0	0.0	0	0	0.196541	0	None	None	None	None	None	None	
development	boat	primary_noncontiguous	1	1	cl100k_base	lcs	2495	222	2438	0.9771543086172345	0.9697316146490695	0.9836500262950524	1731	selected_path_gold_interval_hit	0.6937875751503007	0.6612901365050537	0.7285406390764623	0	0.0	0.0	0.0	0	0	0.66725	0	None	None	None	None	None	None	
development	boat	primary_noncontiguous	1	1	cl100k_base	taln	2495	222	2438	0.9771543086172345	0.9697316146490695	0.9836500262950524	2415	any_candidate_gold_interval_coverage	0.9679358717434869	0.9586666666666667	0.9761695984343421	18	0.007214428857715431	0.004026833354623798	0.011087293229106997	0	0	0.502208	0	None	None	None	None	None	None	
development	boat	primary_noncontiguous	1	1	pubmedbert	difflib	2495	222	2478	0.9931863727454909	0.9893006692271379	0.9966165731408567	2477	selected_path_gold_interval_hit	0.9927855711422846	0.988794241732828	0.9963021902856424	0	0.0	0.0	0.0	0	0	0.1345	0	None	None	None	None	None	None	
development	boat	primary_noncontiguous	1	1	pubmedbert	lcs	2495	222	2478	0.9931863727454909	0.9893006692271379	0.9966165731408567	1695	selected_path_gold_interval_hit	0.6793587174348698	0.6465483819453746	0.7146854134566	0	0.0	0.0	0.0	0	0	0.410583	0	None	None	None	None	None	None	
development	boat	primary_noncontiguous	1	1	pubmedbert	taln	2495	222	2478	0.9931863727454909	0.9893006692271379	0.9966165731408567	2478	any_candidate_gold_interval_coverage	0.9931863727454909	0.9893006692271379	0.9966165731408567	0	0.0	0.0	0.0	0	0	0.315041	0	None	None	None	None	None	None	
development	boat	primary_noncontiguous	1	1	punctuation	difflib	2495	222	2475	0.9919839679358717	0.9879758514690591	0.9956437771316587	2474	selected_path_gold_interval_hit	0.9915831663326653	0.9875249438601922	0.995341111088145	0	0.0	0.0	0.0	0	0	0.12225	0	None	None	None	None	None	None	
development	boat	primary_noncontiguous	1	1	punctuation	lcs	2495	222	2476	0.9923847695390782	0.9884294815776552	0.9960018124993563	1757	selected_path_gold_interval_hit	0.7042084168336673	0.6698181673879412	0.740830116859879	0	0.0	0.0	0.0	0	0	0.310875	0	None	None	None	None	None	None	
development	boat	primary_noncontiguous	1	1	punctuation	taln	2495	222	2476	0.9923847695390782	0.9884294815776552	0.9960018124993563	2476	any_candidate_gold_interval_coverage	0.9923847695390782	0.9884294815776552	0.9960018124993563	0	0.0	0.0	0.0	0	0	0.219042	2476	2.0	21	18734	2.0	9	54	0.5032310177705978
development	boat	primary_noncontiguous	1	2	character_exact	exact	2495	222	0	0.0	0.0	0.0	0	selected_path_gold_interval_hit	0.0	0.0	0.0	2495	1.0	1.0	1.0	0	0	0.141834	0	None	None	None	None	None	None	
development	boat	primary_noncontiguous	1	2	cl100k_base	difflib	2495	222	2438	0.9771543086172345	0.9697316146490695	0.9836500262950524	2414	selected_path_gold_interval_hit	0.9675350701402805	0.9581567483264546	0.9758530484661847	0	0.0	0.0	0.0	0	0	0.189875	0	None	None	None	None	None	None	
development	boat	primary_noncontiguous	1	2	cl100k_base	lcs	2495	222	2438	0.9771543086172345	0.9697316146490695	0.9836500262950524	1731	selected_path_gold_interval_hit	0.6937875751503007	0.6612901365050537	0.7285406390764623	0	0.0	0.0	0.0	0	0	0.630459	0	None	None	None	None	None	None	
development	boat	primary_noncontiguous	1	2	cl100k_base	taln	2495	222	2438	0.9771543086172345	0.9697316146490695	0.9836500262950524	2415	any_candidate_gold_interval_coverage	0.9679358717434869	0.9586666666666667	0.9761695984343421	18	0.007214428857715431	0.004026833354623798	0.011087293229106997	0	0	0.476459	0	None	None	None	None	None	None	
development	boat	primary_noncontiguous	1	2	pubmedbert	difflib	2495	222	2478	0.9931863727454909	0.9893006692271379	0.9966165731408567	2477	selected_path_gold_interval_hit	0.9927855711422846	0.988794241732828	0.9963021902856424	0	0.0	0.0	0.0	0	0	0.129333	0	None	None	None	None	None	None	
development	boat	primary_noncontiguous	1	2	pubmedbert	lcs	2495	222	2478	0.9931863727454909	0.9893006692271379	0.9966165731408567	1695	selected_path_gold_interval_hit	0.6793587174348698	0.6465483819453746	0.7146854134566	0	0.0	0.0	0.0	0	0	0.3865	0	None	None	None	None	None	None	
development	boat	primary_noncontiguous	1	2	pubmedbert	taln	2495	222	2478	0.9931863727454909	0.9893006692271379	0.9966165731408567	2478	any_candidate_gold_interval_coverage	0.9931863727454909	0.9893006692271379	0.9966165731408567	0	0.0	0.0	0.0	0	0	0.297292	0	None	None	None	None	None	None	
development	boat	primary_noncontiguous	1	2	punctuation	difflib	2495	222	2476	0.9923847695390782	0.9884294815776552	0.9960018124993563	2475	selected_path_gold_interval_hit	0.9919839679358717	0.9879619078204477	0.9957031354893932	0	0.0	0.0	0.0	0	0	0.116958	0	None	None	None	None	None	None	
development	boat	primary_noncontiguous	1	2	punctuation	lcs	2495	222	2476	0.9923847695390782	0.9884294815776552	0.9960018124993563	1757	selected_path_gold_interval_hit	0.7042084168336673	0.6698181673879412	0.740830116859879	0	0.0	0.0	0.0	0	0	0.294083	0	None	None	None	None	None	None	
development	boat	primary_noncontiguous	1	2	punctuation	taln	2495	222	2476	0.9923847695390782	0.9884294815776552	0.9960018124993563	2476	any_candidate_gold_interval_coverage	0.9923847695390782	0.9884294815776552	0.9960018124993563	0	0.0	0.0	0.0	0	0	0.2095	2476	2.0	21	18734	2.0	9	54	0.5032310177705978
development	boat	primary_noncontiguous	1	3	character_exact	exact	2495	222	0	0.0	0.0	0.0	0	selected_path_gold_interval_hit	0.0	0.0	0.0	2495	1.0	1.0	1.0	0	0	0.134958	0	None	None	None	None	None	None	
development	boat	primary_noncontiguous	1	3	cl100k_base	difflib	2495	222	2437	0.9767535070140281	0.9693121104663658	0.9833188882937374	2413	selected_path_gold_interval_hit	0.9671342685370742	0.9578096459861168	0.9755122861585859	0	0.0	0.0	0.0	0	0	0.184	0	None	None	None	None	None	None	
development	boat	primary_noncontiguous	1	3	cl100k_base	lcs	2495	222	2438	0.9771543086172345	0.9697316146490695	0.9836500262950524	1731	selected_path_gold_interval_hit	0.6937875751503007	0.6612901365050537	0.7285406390764623	0	0.0	0.0	0.0	0	0	0.598084	0	None	None	None	None	None	None	
development	boat	primary_noncontiguous	1	3	cl100k_base	taln	2495	222	2438	0.9771543086172345	0.9697316146490695	0.9836500262950524	2415	any_candidate_gold_interval_coverage	0.9679358717434869	0.9586666666666667	0.9761695984343421	18	0.007214428857715431	0.004026833354623798	0.011087293229106997	0	0	0.447042	0	None	None	None	None	None	None	
development	boat	primary_noncontiguous	1	3	pubmedbert	difflib	2495	222	2478	0.9931863727454909	0.9893006692271379	0.9966165731408567	2477	selected_path_gold_interval_hit	0.9927855711422846	0.988794241732828	0.9963021902856424	0	0.0	0.0	0.0	0	0	0.125166	0	None	None	None	None	None	None	
development	boat	primary_noncontiguous	1	3	pubmedbert	lcs	2495	222	2478	0.9931863727454909	0.9893006692271379	0.9966165731408567	1695	selected_path_gold_interval_hit	0.6793587174348698	0.6465483819453746	0.7146854134566	0	0.0	0.0	0.0	0	0	0.365333	0	None	None	None	None	None	None	
development	boat	primary_noncontiguous	1	3	pubmedbert	taln	2495	222	2478	0.9931863727454909	0.9893006692271379	0.9966165731408567	2478	any_candidate_gold_interval_coverage	0.9931863727454909	0.9893006692271379	0.9966165731408567	0	0.0	0.0	0.0	0	0	0.285875	0	None	None	None	None	None	None	
development	boat	primary_noncontiguous	1	3	punctuation	difflib	2495	222	2475	0.9919839679358717	0.9879758514690591	0.9956437771316587	2474	selected_path_gold_interval_hit	0.9915831663326653	0.9875249438601922	0.995341111088145	0	0.0	0.0	0.0	0	0	0.112334	0	None	None	None	None	None	None	
development	boat	primary_noncontiguous	1	3	punctuation	lcs	2495	222	2476	0.9923847695390782	0.9884294815776552	0.9960018124993563	1757	selected_path_gold_interval_hit	0.7042084168336673	0.6698181673879412	0.740830116859879	0	0.0	0.0	0.0	0	0	0.279291	0	None	None	None	None	None	None	
development	boat	primary_noncontiguous	1	3	punctuation	taln	2495	222	2476	0.9923847695390782	0.9884294815776552	0.9960018124993563	2476	any_candidate_gold_interval_coverage	0.9923847695390782	0.9884294815776552	0.9960018124993563	0	0.0	0.0	0.0	0	0	0.195875	2476	2.0	21	46988	2.0	9	54	0.5032310177705978
development	boat	primary_noncontiguous	2	1	character_exact	exact	2495	222	0	0.0	0.0	0.0	0	selected_path_gold_interval_hit	0.0	0.0	0.0	2495	1.0	1.0	1.0	0	0	0.141334	0	None	None	None	None	None	None	
development	boat	primary_noncontiguous	2	1	cl100k_base	difflib	2495	222	2431	0.9743486973947896	0.9668599241061077	0.980959520218017	2405	selected_path_gold_interval_hit	0.9639278557114228	0.9543495965863859	0.9725195696967528	0	0.0	0.0	0.0	0	0	0.20925	0	None	None	None	None	None	None	
development	boat	primary_noncontiguous	2	1	cl100k_base	lcs	2495	222	2438	0.9771543086172345	0.9697316146490695	0.9836500262950524	1731	selected_path_gold_interval_hit	0.6937875751503007	0.6612901365050537	0.7285406390764623	0	0.0	0.0	0.0	0	0	0.631292	0	None	None	None	None	None	None	
development	boat	primary_noncontiguous	2	1	cl100k_base	taln	2495	222	2438	0.9771543086172345	0.9697316146490695	0.9836500262950524	2415	any_candidate_gold_interval_coverage	0.9679358717434869	0.9586666666666667	0.9761695984343421	18	0.007214428857715431	0.004026833354623798	0.011087293229106997	0	0	0.473	0	None	None	None	None	None	None	
development	boat	primary_noncontiguous	2	1	pubmedbert	difflib	2495	222	2471	0.9903807615230461	0.9861681688892172	0.9942273694826981	2467	selected_path_gold_interval_hit	0.9887775551102205	0.9842178325375933	0.9929184244291327	0	0.0	0.0	0.0	0	0	0.139959	0	None	None	None	None	None	None	
development	boat	primary_noncontiguous	2	1	pubmedbert	lcs	2495	222	2478	0.9931863727454909	0.9893006692271379	0.9966165731408567	1695	selected_path_gold_interval_hit	0.6793587174348698	0.6465483819453746	0.7146854134566	0	0.0	0.0	0.0	0	0	0.390167	0	None	None	None	None	None	None	
development	boat	primary_noncontiguous	2	1	pubmedbert	taln	2495	222	2478	0.9931863727454909	0.9893006692271379	0.9966165731408567	2478	any_candidate_gold_interval_coverage	0.9931863727454909	0.9893006692271379	0.9966165731408567	0	0.0	0.0	0.0	0	0	0.296709	0	None	None	None	None	None	None	
development	boat	primary_noncontiguous	2	1	punctuation	difflib	2495	222	2468	0.9891783567134268	0.9851096344960982	0.9930795847750865	2464	selected_path_gold_interval_hit	0.9875751503006012	0.9831718111790482	0.991779530219125	0	0.0	0.0	0.0	0	0	0.127583	0	None	None	None	None	None	None	
development	boat	primary_noncontiguous	2	1	punctuation	lcs	2495	222	2476	0.9923847695390782	0.9884294815776552	0.9960018124993563	1757	selected_path_gold_interval_hit	0.7042084168336673	0.6698181673879412	0.740830116859879	0	0.0	0.0	0.0	0	0	0.296416	0	None	None	None	None	None	None	
development	boat	primary_noncontiguous	2	1	punctuation	taln	2495	222	2476	0.9923847695390782	0.9884294815776552	0.9960018124993563	2476	any_candidate_gold_interval_coverage	0.9923847695390782	0.9884294815776552	0.9960018124993563	0	0.0	0.0	0.0	0	0	0.207167	2476	2.0	21	5763	2.0	9	54	0.5032310177705978
development	boat	primary_noncontiguous	2	2	character_exact	exact	2495	222	0	0.0	0.0	0.0	0	selected_path_gold_interval_hit	0.0	0.0	0.0	2495	1.0	1.0	1.0	0	0	0.129042	0	None	None	None	None	None	None	
development	boat	primary_noncontiguous	2	2	cl100k_base	difflib	2495	222	2422	0.9707414829659319	0.9626061665032176	0.977787929250025	2392	selected_path_gold_interval_hit	0.9587174348697395	0.9485324731497481	0.9676460618625239	0	0.0	0.0	0.0	0	0	0.198208	0	None	None	None	None	None	None	
development	boat	primary_noncontiguous	2	2	cl100k_base	lcs	2495	222	2438	0.9771543086172345	0.9697316146490695	0.9836500262950524	1731	selected_path_gold_interval_hit	0.6937875751503007	0.6612901365050537	0.7285406390764623	0	0.0	0.0	0.0	0	0	0.564666	0	None	None	None	None	None	None	
development	boat	primary_noncontiguous	2	2	cl100k_base	taln	2495	222	2438	0.9771543086172345	0.9697316146490695	0.9836500262950524	2415	any_candidate_gold_interval_coverage	0.9679358717434869	0.9586666666666667	0.9761695984343421	18	0.007214428857715431	0.004026833354623798	0.011087293229106997	0	0	0.426125	0	None	None	None	None	None	None	
development	boat	primary_noncontiguous	2	2	pubmedbert	difflib	2495	222	2461	0.986372745490982	0.9814123343609934	0.990999650577364	2454	selected_path_gold_interval_hit	0.983567134268537	0.9780905818812027	0.9887349065173916	0	0.0	0.0	0.0	0	0	0.131042	0	None	None	None	None	None	None	
development	boat	primary_noncontiguous	2	2	pubmedbert	lcs	2495	222	2478	0.9931863727454909	0.9893006692271379	0.9966165731408567	1695	selected_path_gold_interval_hit	0.6793587174348698	0.6465483819453746	0.7146854134566	0	0.0	0.0	0.0	0	0	0.345709	0	None	None	None	None	None	None	
development	boat	primary_noncontiguous	2	2	pubmedbert	taln	2495	222	2478	0.9931863727454909	0.9893006692271379	0.9966165731408567	2478	any_candidate_gold_interval_coverage	0.9931863727454909	0.9893006692271379	0.9966165731408567	0	0.0	0.0	0.0	0	0	0.2765	0	None	None	None	None	None	None	
development	boat	primary_noncontiguous	2	2	punctuation	difflib	2495	222	2457	0.9847695390781563	0.9796351073595886	0.9898278469375476	2450	selected_path_gold_interval_hit	0.9819639278557114	0.9762989715435695	0.9875502424636304	0	0.0	0.0	0.0	0	0	0.118875	0	None	None	None	None	None	None	
development	boat	primary_noncontiguous	2	2	punctuation	lcs	2495	222	2476	0.9923847695390782	0.9884294815776552	0.9960018124993563	1757	selected_path_gold_interval_hit	0.7042084168336673	0.6698181673879412	0.740830116859879	0	0.0	0.0	0.0	0	0	0.266166	0	None	None	None	None	None	None	
development	boat	primary_noncontiguous	2	2	punctuation	taln	2495	222	2476	0.9923847695390782	0.9884294815776552	0.9960018124993563	2476	any_candidate_gold_interval_coverage	0.9923847695390782	0.9884294815776552	0.9960018124993563	0	0.0	0.0	0.0	0	0	0.187125	2476	2.0	21	2210	2.0	9	54	0.5032310177705978
development	boat	primary_noncontiguous	2	3	character_exact	exact	2495	222	0	0.0	0.0	0.0	0	selected_path_gold_interval_hit	0.0	0.0	0.0	2495	1.0	1.0	1.0	0	0	0.109458	0	None	None	None	None	None	None	
development	boat	primary_noncontiguous	2	3	cl100k_base	difflib	2495	222	2422	0.9707414829659319	0.9621127667699324	0.9782786260218598	2384	selected_path_gold_interval_hit	0.9555110220440882	0.9432717167813565	0.9662746346946423	0	0.0	0.0	0.0	0	0	0.18575	0	None	None	None	None	None	None	
development	boat	primary_noncontiguous	2	3	cl100k_base	lcs	2495	222	2438	0.9771543086172345	0.9697316146490695	0.9836500262950524	1731	selected_path_gold_interval_hit	0.6937875751503007	0.6612901365050537	0.7285406390764623	0	0.0	0.0	0.0	0	0	0.498791	0	None	None	None	None	None	None	
development	boat	primary_noncontiguous	2	3	cl100k_base	taln	2495	222	2438	0.9771543086172345	0.9697316146490695	0.9836500262950524	2415	any_candidate_gold_interval_coverage	0.9679358717434869	0.9586666666666667	0.9761695984343421	18	0.007214428857715431	0.004026833354623798	0.011087293229106997	0	0	0.376917	0	None	None	None	None	None	None	
development	boat	primary_noncontiguous	2	3	pubmedbert	difflib	2495	222	2463	0.9871743486973948	0.9822293544089611	0.991722506897911	2446	selected_path_gold_interval_hit	0.9803607214428858	0.9733076178379378	0.9867525229231316	0	0.0	0.0	0.0	0	0	0.121667	0	None	None	None	None	None	None	
development	boat	primary_noncontiguous	2	3	pubmedbert	lcs	2495	222	2478	0.9931863727454909	0.9893006692271379	0.9966165731408567	1695	selected_path_gold_interval_hit	0.6793587174348698	0.6465483819453746	0.7146854134566	0	0.0	0.0	0.0	0	0	0.305292	0	None	None	None	None	None	None	
development	boat	primary_noncontiguous	2	3	pubmedbert	taln	2495	222	2478	0.9931863727454909	0.9893006692271379	0.9966165731408567	2478	any_candidate_gold_interval_coverage	0.9931863727454909	0.9893006692271379	0.9966165731408567	0	0.0	0.0	0.0	0	1	0.245292	0	None	None	None	None	None	None	
development	boat	primary_noncontiguous	2	3	punctuation	difflib	2495	222	2457	0.9847695390781563	0.979417990723988	0.9897260273972602	2440	selected_path_gold_interval_hit	0.9779559118236473	0.970633445184243	0.98463571520442	0	0.0	0.0	0.0	0	0	0.109792	0	None	None	None	None	None	None	
development	boat	primary_noncontiguous	2	3	punctuation	lcs	2495	222	2476	0.9923847695390782	0.9884294815776552	0.9960018124993563	1757	selected_path_gold_interval_hit	0.7042084168336673	0.6698181673879412	0.740830116859879	0	0.0	0.0	0.0	0	0	0.235542	0	None	None	None	None	None	None	
development	boat	primary_noncontiguous	2	3	punctuation	taln	2495	222	2476	0.9923847695390782	0.9884294815776552	0.9960018124993563	2476	any_candidate_gold_interval_coverage	0.9923847695390782	0.9884294815776552	0.9960018124993563	0	0.0	0.0	0.0	0	0	0.168833	2476	2.0	22	22057	2.0	9	54	0.5032310177705978
development	boat	primary_noncontiguous	3	1	character_exact	exact	2495	222	0	0.0	0.0	0.0	0	selected_path_gold_interval_hit	0.0	0.0	0.0	2495	1.0	1.0	1.0	0	0	0.134334	0	None	None	None	None	None	None	
development	boat	primary_noncontiguous	3	1	cl100k_base	difflib	2495	222	2416	0.9683366733466934	0.959220786243334	0.9761118107650406	2377	selected_path_gold_interval_hit	0.9527054108216433	0.9400189345673169	0.9635593854160223	0	0.0	0.0	0.0	0	0	0.221875	0	None	None	None	None	None	None	
development	boat	primary_noncontiguous	3	1	cl100k_base	lcs	2495	222	2438	0.9771543086172345	0.9697316146490695	0.9836500262950524	1731	selected_path_gold_interval_hit	0.6937875751503007	0.6612901365050537	0.7285406390764623	0	0.0	0.0	0.0	0	0	0.600458	0	None	None	None	None	None	None	
development	boat	primary_noncontiguous	3	1	cl100k_base	taln	2495	222	2438	0.9771543086172345	0.9697316146490695	0.9836500262950524	2415	any_candidate_gold_interval_coverage	0.9679358717434869	0.9586666666666667	0.9761695984343421	18	0.007214428857715431	0.004026833354623798	0.011087293229106997	0	0	0.452417	0	None	None	None	None	None	None	
development	boat	primary_noncontiguous	3	1	pubmedbert	difflib	2495	222	2459	0.9855711422845691	0.9804613775409512	0.9904345486193207	2441	selected_path_gold_interval_hit	0.9783567134268537	0.9709652763544442	0.9852220296559884	0	0.0	0.0	0.0	0	0	0.146458	0	None	None	None	None	None	None	
development	boat	primary_noncontiguous	3	1	pubmedbert	lcs	2495	222	2478	0.9931863727454909	0.9893006692271379	0.9966165731408567	1695	selected_path_gold_interval_hit	0.6793587174348698	0.6465483819453746	0.7146854134566	0	0.0	0.0	0.0	0	0	0.369959	0	None	None	None	None	None	None	
development	boat	primary_noncontiguous	3	1	pubmedbert	taln	2495	222	2478	0.9931863727454909	0.9893006692271379	0.9966165731408567	2478	any_candidate_gold_interval_coverage	0.9931863727454909	0.9893006692271379	0.9966165731408567	0	0.0	0.0	0.0	0	1	0.287584	0	None	None	None	None	None	None	
development	boat	primary_noncontiguous	3	1	punctuation	difflib	2495	222	2454	0.983567134268537	0.9781163448230515	0.9887798036465638	2435	selected_path_gold_interval_hit	0.9759519038076152	0.9681392852383094	0.9831676129504416	0	0.0	0.0	0.0	0	0	0.132375	0	None	None	None	None	None	None	
development	boat	primary_noncontiguous	3	1	punctuation	lcs	2495	222	2476	0.9923847695390782	0.9884294815776552	0.9960018124993563	1757	selected_path_gold_interval_hit	0.7042084168336673	0.6698181673879412	0.740830116859879	0	0.0	0.0	0.0	0	0	0.281083	0	None	None	None	None	None	None	
development	boat	primary_noncontiguous	3	1	punctuation	taln	2495	222	2476	0.9923847695390782	0.9884294815776552	0.9960018124993563	2476	any_candidate_gold_interval_coverage	0.9923847695390782	0.9884294815776552	0.9960018124993563	0	0.0	0.0	0.0	0	0	0.195459	2476	2.0	21	60008	2.0	9	54	0.5032310177705978
development	boat	primary_noncontiguous	3	2	character_exact	exact	2495	222	0	0.0	0.0	0.0	0	selected_path_gold_interval_hit	0.0	0.0	0.0	2495	1.0	1.0	1.0	0	0	0.113166	0	None	None	None	None	None	None	
development	boat	primary_noncontiguous	3	2	cl100k_base	difflib	2495	222	2365	0.9478957915831663	0.9373491390454521	0.9569597870638809	2308	selected_path_gold_interval_hit	0.9250501002004008	0.9115967051131108	0.936810965081029	0	0.0	0.0	0.0	0	0	0.201209	0	None	None	None	None	None	None	
development	boat	primary_noncontiguous	3	2	cl100k_base	lcs	2495	222	2438	0.9771543086172345	0.9697316146490695	0.9836500262950524	1731	selected_path_gold_interval_hit	0.6937875751503007	0.6612901365050537	0.7285406390764623	0	0.0	0.0	0.0	0	0	0.498209	0	None	None	None	None	None	None	
development	boat	primary_noncontiguous	3	2	cl100k_base	taln	2495	222	2438	0.9771543086172345	0.9697316146490695	0.9836500262950524	2415	any_candidate_gold_interval_coverage	0.9679358717434869	0.9586666666666667	0.9761695984343421	18	0.007214428857715431	0.004026833354623798	0.011087293229106997	0	0	0.382791	0	None	None	None	None	None	None	
development	boat	primary_noncontiguous	3	2	pubmedbert	difflib	2495	222	2407	0.9647294589178357	0.9569725641859602	0.9718607478938193	2369	selected_path_gold_interval_hit	0.949498997995992	0.9409554075683161	0.9574378588483975	0	0.0	0.0	0.0	0	0	0.130417	0	None	None	None	None	None	None	
development	boat	primary_noncontiguous	3	2	pubmedbert	lcs	2495	222	2478	0.9931863727454909	0.9893006692271379	0.9966165731408567	1695	selected_path_gold_interval_hit	0.6793587174348698	0.6465483819453746	0.7146854134566	0	0.0	0.0	0.0	0	0	0.304167	0	None	None	None	None	None	None	
development	boat	primary_noncontiguous	3	2	pubmedbert	taln	2495	222	2478	0.9931863727454909	0.9893006692271379	0.9966165731408567	2478	any_candidate_gold_interval_coverage	0.9931863727454909	0.9893006692271379	0.9966165731408567	0	0.0	0.0	0.0	0	0	0.248792	0	None	None	None	None	None	None	
development	boat	primary_noncontiguous	3	2	punctuation	difflib	2495	222	2395	0.9599198396793587	0.9515789246137393	0.967741935483871	2357	selected_path_gold_interval_hit	0.944689378757515	0.9357903581818778	0.953006941202068	0	0.0	0.0	0.0	0	0	0.118416	0	None	None	None	None	None	None	
development	boat	primary_noncontiguous	3	2	punctuation	lcs	2495	222	2476	0.9923847695390782	0.9884294815776552	0.9960018124993563	1757	selected_path_gold_interval_hit	0.7042084168336673	0.6698181673879412	0.740830116859879	0	0.0	0.0	0.0	0	0	0.23625	0	None	None	None	None	None	None	
development	boat	primary_noncontiguous	3	2	punctuation	taln	2495	222	2476	0.9923847695390782	0.9884294815776552	0.9960018124993563	2476	any_candidate_gold_interval_coverage	0.9923847695390782	0.9884294815776552	0.9960018124993563	0	0.0	0.0	0.0	0	0	0.172	2476	2.0	22	20888	2.0	9	54	0.5032310177705978
development	boat	primary_noncontiguous	3	3	character_exact	exact	2495	222	0	0.0	0.0	0.0	0	selected_path_gold_interval_hit	0.0	0.0	0.0	2495	1.0	1.0	1.0	0	0	0.092458	0	None	None	None	None	None	None	
development	boat	primary_noncontiguous	3	3	cl100k_base	difflib	2495	222	2190	0.8777555110220441	0.86002733833674	0.89356586930235	2061	selected_path_gold_interval_hit	0.8260521042084168	0.8034098405541944	0.8452512558336617	0	0.0	0.0	0.0	0	0	0.181667	0	None	None	None	None	None	None	
development	boat	primary_noncontiguous	3	3	cl100k_base	lcs	2495	222	2438	0.9771543086172345	0.9697316146490695	0.9836500262950524	1722	selected_path_gold_interval_hit	0.6901803607214428	0.657834242623054	0.7242219392188067	0	0.0	0.0	0.0	0	0	0.395542	0	None	None	None	None	None	None	
development	boat	primary_noncontiguous	3	3	cl100k_base	taln	2495	222	2438	0.9771543086172345	0.9697316146490695	0.9836500262950524	2415	any_candidate_gold_interval_coverage	0.9679358717434869	0.9586666666666667	0.9761695984343421	18	0.007214428857715431	0.004026833354623798	0.011087293229106997	0	0	0.316042	0	None	None	None	None	None	None	
development	boat	primary_noncontiguous	3	3	pubmedbert	difflib	2495	222	2228	0.8929859719438877	0.8766152264543512	0.9072126344052912	2105	selected_path_gold_interval_hit	0.843687374749499	0.823001590538336	0.8611343359001429	0	0.0	0.0	0.0	0	0	0.115625	0	None	None	None	None	None	None	
development	boat	primary_noncontiguous	3	3	pubmedbert	lcs	2495	222	2478	0.9931863727454909	0.9893006692271379	0.9966165731408567	1686	selected_path_gold_interval_hit	0.675751503006012	0.6433982295418287	0.7104529766165153	0	0.0	0.0	0.0	0	0	0.238	0	None	None	None	None	None	None	
development	boat	primary_noncontiguous	3	3	pubmedbert	taln	2495	222	2478	0.9931863727454909	0.9893006692271379	0.9966165731408567	2478	any_candidate_gold_interval_coverage	0.9931863727454909	0.9893006692271379	0.9966165731408567	0	0.0	0.0	0.0	0	0	0.214584	0	None	None	None	None	None	None	
development	boat	primary_noncontiguous	3	3	punctuation	difflib	2495	222	2213	0.8869739478957915	0.8708379900246302	0.9008604967297497	2100	selected_path_gold_interval_hit	0.8416833667334669	0.8219758310255196	0.8578856960561418	0	0.0	0.0	0.0	0	0	0.104583	0	None	None	None	None	None	None	
development	boat	primary_noncontiguous	3	3	punctuation	lcs	2495	222	2476	0.9923847695390782	0.9884294815776552	0.9960018124993563	1748	selected_path_gold_interval_hit	0.7006012024048096	0.6664275025034805	0.736421904260568	0	0.0	0.0	0.0	0	0	0.186834	0	None	None	None	None	None	None	
development	boat	primary_noncontiguous	3	3	punctuation	taln	2495	222	2476	0.9923847695390782	0.9884294815776552	0.9960018124993563	2476	any_candidate_gold_interval_coverage	0.9923847695390782	0.9884294815776552	0.9960018124993563	0	0.0	0.0	0.0	0	0	0.139959	2476	2.0	24	4510	2.0	9	54	0.5060581583198708
